,SDK Installer,SDK Binaries,Runtime Installer,Runtime Binaries,ASP.NET Core Runtime,Windows Desktop Runtime,Scraped Date,Package name,Version
Download Table,,,,,,,,,
Windows,x86 | x64 | Arm64,x86 | x64 | Arm64,x86 | x64 | Arm64,x86 | x64 | Arm64,x86 | x64 |; Hosting Bundle,x86 | x64 | Arm64,14-10-2025,,
macOS,x64 | ARM64,x64 | ARM64,x64 | ARM64,x64 | ARM64,x64 | ARM64,-,14-10-2025,,
Linux,Snap and Package Manager,x64 | Arm | Arm64 | Arm32 Alpine | x64 Alpine,Packages (x64),x64 | Arm | Arm64 | Arm32 Alpine | Arm64 Alpine | x64 Alpine,x64 | Arm | Arm64 | x64 Alpine,-,14-10-2025,,
,Checksums,Checksums,Checksums,Checksums,Checksums,Checksums,14-10-2025,,
,,,,,,,,,
,,,,,,,,Updated Packages,
,,,,,,,14-10-2025,Microsoft.WindowsDesktop.App.Runtime.win-x86,8.0.0
,,,,,,,14-10-2025,Microsoft.WindowsDesktop.App.Runtime.win-arm64,8.0.0
,,,,,,,14-10-2025,Microsoft.WindowsDesktop.App.Ref,8.0.0
,,,,,,,14-10-2025,Microsoft.WindowsDesktop.App.Runtime.win-x64,8.0.0
,,,,,,,14-10-2025,Microsoft.Windows.Compatibility,8.0.0
,,,,,,,14-10-2025,Microsoft.NET.Runtime.MonoTargets.Sdk.Msi.arm64,8.0.0
,,,,,,,14-10-2025,Microsoft.NET.Runtime.WebAssembly.Sdk,8.0.0
,,,,,,,14-10-2025,Microsoft.NETCore.App.Runtime.Mono.android-arm,8.0.0
,,,,,,,14-10-2025,Microsoft.NET.ILLink.Tasks,8.0.0
,,,,,,,14-10-2025,Microsoft.NET.Runtime.WebAssembly.Templates,8.0.0
,,,,,,,14-10-2025,Microsoft.NET.Runtime.WebAssembly.Wasi.Sdk,8.0.0
,,,,,,,14-10-2025,Microsoft.NET.Runtime.WebAssembly.Templates.Msi.arm64,8.0.0
,,,,,,,14-10-2025,Microsoft.NET.Runtime.WebAssembly.Templates.Msi.x86,8.0.0
,,,,,,,14-10-2025,Microsoft.NET.Workload.Mono.ToolChain.net7.Manifest-8.0.100.Msi.x64,8.0.0
,,,,,,,14-10-2025,Microsoft.NETCore.App.Crossgen2.linux-arm,8.0.0
,,,,,,,14-10-2025,Microsoft.NET.Workload.Mono.ToolChain.net7.Manifest-8.0.100.Msi.arm64,8.0.0
,,,,,,,14-10-2025,Microsoft.NETCore.App.Crossgen2.win-x86,8.0.0
,,,,,,,14-10-2025,Microsoft.NETCore.App.Host.osx-arm64,8.0.0
,,,,,,,14-10-2025,Microsoft.NETCore.App.Runtime.AOT.linux-arm64.Cross.android-x64,8.0.0
,,,,,,,14-10-2025,Microsoft.NETCore.App.Runtime.AOT.linux-arm64.Cross.android-x86,8.0.0
,,,,,,,14-10-2025,Microsoft.NETCore.App.Runtime.AOT.linux-arm64.Cross.browser-wasm,8.0.0
,,,,,,,14-10-2025,Microsoft.NETCore.App.Runtime.AOT.win-x64.Cross.android-arm.Msi.arm64,8.0.0
,,,,,,,14-10-2025,Microsoft.NETCore.App.Runtime.linux-bionic-arm64,8.0.0
,,,,,,,14-10-2025,Microsoft.NETCore.App.Runtime.linux-musl-x64,8.0.0
,,,,,,,14-10-2025,Microsoft.NETCore.App.Runtime.linux-x64,8.0.0
,,,,,,,14-10-2025,Microsoft.NETCore.App.Runtime.Mono.android-arm64,8.0.0
,,,,,,,14-10-2025,Microsoft.NETCore.App.Runtime.Mono.ios-arm64,8.0.0
,,,,,,,14-10-2025,Microsoft.NETCore.App.Runtime.Mono.iossimulator-x64.Msi.x86,8.0.0
,,,,,,,14-10-2025,Microsoft.NETCore.App.Runtime.Mono.linux-arm64,8.0.0
,,,,,,,14-10-2025,Microsoft.NETCore.App.Runtime.Mono.multithread.browser-wasm.Msi.x86,8.0.0
,,,,,,,14-10-2025,Microsoft.NETCore.App.Runtime.Mono.tvossimulator-x64.Msi.x64,8.0.0
,,,,,,,14-10-2025,Microsoft.NETCore.App.Runtime.Mono.tvossimulator-x64.Msi.x86,8.0.0
,,,,,,,14-10-2025,Microsoft.NETCore.App.Runtime.Mono.wasi-wasm,8.0.0
,,,,,,,14-10-2025,Microsoft.NETCore.App.Runtime.win-x86.Msi.x86,8.0.0
,,,,,,,14-10-2025,Microsoft.NETCore.App.Runtime.win-x64.Msi.x64,8.0.0
,,,,,,,14-10-2025,runtime.linux-musl-arm.Microsoft.NETCore.DotNetHost,8.0.0
,,,,,,,14-10-2025,runtime.linux-musl-arm64.Microsoft.NETCore.DotNetHostPolicy,8.0.0
,,,,,,,14-10-2025,runtime.linux-musl-arm64.Microsoft.NETCore.ILAsm,8.0.0
,,,,,,,14-10-2025,runtime.linux-musl-arm64.Microsoft.NETCore.ILDAsm,8.0.0
,,,,,,,14-10-2025,runtime.osx-arm64.Microsoft.NETCore.DotNetHost,8.0.0
,,,,,,,14-10-2025,runtime.osx-arm64.Microsoft.NETCore.DotNetHostResolver,8.0.0
,,,,,,,14-10-2025,runtime.win-x64.Microsoft.DotNet.ILCompiler,8.0.0
,,,,,,,14-10-2025,runtime.win-arm64.Microsoft.NETCore.DotNetHost,8.0.0
,,,,,,,14-10-2025,runtime.win-x64.Microsoft.NETCore.ILDAsm,8.0.0
,,,,,,,14-10-2025,System.Threading.Channels,8.0.0
,,,,,,,14-10-2025,System.Threading.RateLimiting,8.0.0
,,,,,,,14-10-2025,Microsoft.Extensions.Configuration.FileExtensions,8.0.0
,,,,,,,14-10-2025,Microsoft.NETCore.App.Host.linux-musl-arm,8.0.0
,,,,,,,14-10-2025,Microsoft.Extensions.Configuration.EnvironmentVariables,8.0.0
,,,,,,,14-10-2025,Microsoft.Bcl.AsyncInterfaces,8.0.0
,,,,,,,14-10-2025,Microsoft.Bcl.Cryptography,8.0.0
,,,,,,,14-10-2025,Microsoft.Bcl.Numerics,8.0.0
,,,,,,,14-10-2025,Microsoft.Extensions.Configuration.Abstractions,8.0.0
,,,,,,,14-10-2025,Microsoft.Extensions.Configuration.CommandLine,8.0.0
,,,,,,,14-10-2025,Microsoft.Extensions.Configuration.Json,8.0.0
,,,,,,,14-10-2025,Microsoft.Extensions.Configuration.UserSecrets,8.0.0
,,,,,,,14-10-2025,Microsoft.Extensions.DependencyInjection,8.0.0
,,,,,,,14-10-2025,Microsoft.Extensions.Configuration.Ini,8.0.0
,,,,,,,14-10-2025,Microsoft.Extensions.Diagnostics.Abstractions,8.0.0
,,,,,,,14-10-2025,Microsoft.Extensions.DependencyInjection.Specification.Tests,8.0.0
,,,,,,,14-10-2025,Microsoft.Extensions.FileProviders.Physical,8.0.0
,,,,,,,14-10-2025,Microsoft.Extensions.Diagnostics,8.0.0
,,,,,,,14-10-2025,Microsoft.Extensions.Options.DataAnnotations,8.0.0
,,,,,,,14-10-2025,Microsoft.Extensions.Primitives,8.0.0
,,,,,,,14-10-2025,Microsoft.NET.Runtime.MonoAOTCompiler.Task.Msi.x86,8.0.0
,,,,,,,14-10-2025,Microsoft.NET.Runtime.MonoAOTCompiler.Task.Msi.x64,8.0.0
,,,,,,,14-10-2025,Microsoft.NET.Runtime.MonoTargets.Sdk.Msi.x86,8.0.0
,,,,,,,14-10-2025,Microsoft.NET.Runtime.wasm.Sample.Mono,8.0.0
,,,,,,,14-10-2025,Microsoft.NET.Workload.Mono.ToolChain.Current.Manifest-8.0.100.Msi.x64,8.0.0
,,,,,,,14-10-2025,Microsoft.NET.WebAssembly.Threading,8.0.0
,,,,,,,14-10-2025,Microsoft.NET.Workload.Mono.ToolChain.net6.Manifest-8.0.100.Msi.x64,8.0.0
,,,,,,,14-10-2025,Microsoft.NET.Workload.Mono.ToolChain.Current.Manifest-8.0.100.Msi.arm64,8.0.0
,,,,,,,14-10-2025,Microsoft.NET.Workload.Mono.ToolChain.net6.Manifest-8.0.100,8.0.0
,,,,,,,14-10-2025,Microsoft.NETCore.App.Crossgen2.linux-musl-arm,8.0.0
,,,,,,,14-10-2025,Microsoft.NETCore.App.Crossgen2.linux-arm64,8.0.0
,,,,,,,14-10-2025,Microsoft.NETCore.App.Crossgen2.osx-x64,8.0.0
,,,,,,,14-10-2025,Microsoft.NETCore.App.Runtime.AOT.linux-x64.Cross.android-arm,8.0.0
,,,,,,,14-10-2025,Microsoft.NETCore.App.Runtime.AOT.osx-arm64.Cross.android-x86,8.0.0
,,,,,,,14-10-2025,Microsoft.NETCore.App.Runtime.AOT.osx-arm64.Cross.iossimulator-arm64,8.0.0
,,,,,,,14-10-2025,Microsoft.NETCore.App.Runtime.AOT.osx-arm64.Cross.maccatalyst-arm64,8.0.0
,,,,,,,14-10-2025,Microsoft.NETCore.App.Runtime.AOT.osx-x64.Cross.android-arm,8.0.0
,,,,,,,14-10-2025,Microsoft.NETCore.App.Runtime.AOT.osx-x64.Cross.maccatalyst-arm64,8.0.0
,,,,,,,14-10-2025,Microsoft.NETCore.App.Runtime.AOT.osx-x64.Cross.tvossimulator-x64,8.0.0
,,,,,,,14-10-2025,Microsoft.NETCore.App.Runtime.AOT.win-x64.Cross.android-arm,8.0.0
,,,,,,,14-10-2025,Microsoft.NETCore.App.Runtime.AOT.win-x64.Cross.android-arm.Msi.x64,8.0.0
,,,,,,,14-10-2025,Microsoft.NETCore.App.Runtime.AOT.win-x64.Cross.android-x64,8.0.0
,,,,,,,14-10-2025,Microsoft.NETCore.App.Runtime.AOT.win-x64.Cross.android-x64.Msi.arm64,8.0.0
,,,,,,,14-10-2025,Microsoft.NETCore.App.Runtime.AOT.win-x64.Cross.android-x64.Msi.x64,8.0.0
,,,,,,,14-10-2025,Microsoft.NETCore.App.Runtime.Mono.android-arm.Msi.x86,8.0.0
,,,,,,,14-10-2025,Microsoft.NETCore.App.Runtime.Mono.android-arm64.Msi.x64,8.0.0
,,,,,,,14-10-2025,Microsoft.NETCore.App.Runtime.Mono.android-arm64.Msi.x86,8.0.0
,,,,,,,14-10-2025,Microsoft.NETCore.App.Runtime.Mono.android-x64,8.0.0
,,,,,,,14-10-2025,Microsoft.NETCore.App.Runtime.Mono.android-x86.Msi.x86,8.0.0
,,,,,,,14-10-2025,Microsoft.NETCore.App.Runtime.Mono.android-x86,8.0.0
,,,,,,,14-10-2025,Microsoft.NETCore.App.Runtime.Mono.android-x86.Msi.x64,8.0.0
,,,,,,,14-10-2025,Microsoft.NETCore.App.Runtime.Mono.ios-arm64.Msi.x86,8.0.0
,,,,,,,14-10-2025,Microsoft.NETCore.App.Runtime.Mono.maccatalyst-arm64.Msi.arm64,8.0.0
,,,,,,,14-10-2025,Microsoft.NETCore.App.Runtime.Mono.tvossimulator-x64.Msi.arm64,8.0.0
,,,,,,,14-10-2025,Microsoft.NETCore.App.Runtime.NativeAOT.linux-bionic-arm64,8.0.0
,,,,,,,14-10-2025,runtime.linux-x64.Microsoft.DotNet.ILCompiler,8.0.0
,,,,,,,14-10-2025,runtime.linux-musl-arm64.Microsoft.NETCore.DotNetHostResolver,8.0.0
,,,,,,,14-10-2025,runtime.linux-musl-x64.Microsoft.NETCore.DotNetHost,8.0.0
,,,,,,,14-10-2025,runtime.linux-musl-x64.Microsoft.NETCore.ILAsm,8.0.0
,,,,,,,14-10-2025,runtime.linux-musl-x64.Microsoft.NETCore.ILDAsm,8.0.0
,,,,,,,14-10-2025,dotnet-ilverify,8.0.0
,,,,,,,14-10-2025,Microsoft.Extensions.DependencyInjection.Abstractions,8.0.0
,,,,,,,14-10-2025,Microsoft.Extensions.Logging.TraceSource,8.0.0
,,,,,,,14-10-2025,Microsoft.Extensions.Options,8.0.0
,,,,,,,14-10-2025,Microsoft.NETCore.App.Crossgen2.win-x64,8.0.0
,,,,,,,14-10-2025,Microsoft.NETCore.App.Host.linux-musl-x64,8.0.0
,,,,,,,14-10-2025,Microsoft.NETCore.App.Host.linux-x64,8.0.0
,,,,,,,14-10-2025,Microsoft.NETCore.App.Host.osx-x64,8.0.0
,,,,,,,14-10-2025,Microsoft.NETCore.App.Host.linux-bionic-x64,8.0.0
,,,,,,,14-10-2025,Microsoft.NETCore.App.Host.linux-musl-arm64,8.0.0
,,,,,,,14-10-2025,Microsoft.NETCore.App.Ref,8.0.0
,,,,,,,14-10-2025,Microsoft.NETCore.App.Runtime.AOT.linux-x64.Cross.android-x86,8.0.0
,,,,,,,14-10-2025,Microsoft.NETCore.App.Runtime.AOT.linux-x64.Cross.android-arm64,8.0.0
,,,,,,,14-10-2025,Microsoft.NETCore.App.Runtime.AOT.osx-arm64.Cross.android-arm64,8.0.0
,,,,,,,14-10-2025,Microsoft.NETCore.App.Runtime.AOT.osx-arm64.Cross.android-arm,8.0.0
,,,,,,,14-10-2025,Microsoft.NETCore.App.Runtime.AOT.osx-arm64.Cross.ios-arm64,8.0.0
,,,,,,,14-10-2025,Microsoft.NETCore.App.Runtime.AOT.osx-x64.Cross.android-x86,8.0.0
,,,,,,,14-10-2025,Microsoft.NETCore.App.Runtime.AOT.osx-x64.Cross.iossimulator-x64,8.0.0
,,,,,,,14-10-2025,Microsoft.NETCore.App.Runtime.AOT.osx-x64.Cross.iossimulator-arm64,8.0.0
,,,,,,,14-10-2025,Microsoft.NETCore.App.Runtime.AOT.osx-x64.Cross.tvossimulator-arm64,8.0.0
,,,,,,,14-10-2025,Microsoft.NETCore.App.Runtime.Mono.android-arm.Msi.arm64,8.0.0
,,,,,,,14-10-2025,Microsoft.NETCore.App.Runtime.Mono.android-arm.Msi.x64,8.0.0
,,,,,,,14-10-2025,Microsoft.NETCore.App.Runtime.Mono.android-x64.Msi.arm64,8.0.0
,,,,,,,14-10-2025,Microsoft.NETCore.App.Runtime.Mono.android-x86.Msi.arm64,8.0.0
,,,,,,,14-10-2025,Microsoft.NETCore.App.Runtime.Mono.browser-wasm.Msi.arm64,8.0.0
,,,,,,,14-10-2025,Microsoft.NETCore.App.Runtime.Mono.linux-musl-x64,8.0.0
,,,,,,,14-10-2025,Microsoft.NETCore.App.Runtime.Mono.LLVM.AOT.linux-arm64,8.0.0
,,,,,,,14-10-2025,Microsoft.NETCore.App.Runtime.Mono.linux-x64,8.0.0
,,,,,,,14-10-2025,Microsoft.NETCore.App.Runtime.Mono.maccatalyst-x64.Msi.arm64,8.0.0
,,,,,,,14-10-2025,Microsoft.NETCore.App.Runtime.Mono.maccatalyst-x64.Msi.x86,8.0.0
,,,,,,,14-10-2025,Microsoft.NETCore.App.Runtime.Mono.wasi-wasm.Msi.x86,8.0.0
,,,,,,,14-10-2025,Microsoft.NETCore.App.Runtime.NativeAOT.iossimulator-arm64,8.0.0
,,,,,,,14-10-2025,Microsoft.NETCore.App.Runtime.NativeAOT.tvossimulator-x64,8.0.0
,,,,,,,14-10-2025,Microsoft.NETCore.App.Runtime.win-arm64,8.0.0
,,,,,,,14-10-2025,Microsoft.NETCore.App.Runtime.win-x64,8.0.0
,,,,,,,14-10-2025,Microsoft.NETCore.App.Runtime.win-x64.Msi.x86,8.0.0
,,,,,,,14-10-2025,Microsoft.NETCore.App.Runtime.win-x86.Msi.arm64,8.0.0
,,,,,,,14-10-2025,runtime.linux-arm64.Microsoft.DotNet.ILCompiler,8.0.0
,,,,,,,14-10-2025,Microsoft.Win32.SystemEvents,8.0.0
,,,,,,,14-10-2025,runtime.linux-arm.Microsoft.NETCore.DotNetAppHost,8.0.0
,,,,,,,14-10-2025,runtime.linux-arm.Microsoft.NETCore.ILDAsm,8.0.0
,,,,,,,14-10-2025,runtime.linux-arm64.Microsoft.NETCore.ILAsm,8.0.0
,,,,,,,14-10-2025,runtime.linux-bionic-arm64.Microsoft.NETCore.DotNetAppHost,8.0.0
,,,,,,,14-10-2025,runtime.linux-bionic-x64.Microsoft.NETCore.DotNetAppHost,8.0.0
,,,,,,,14-10-2025,runtime.linux-bionic-arm64.Microsoft.NETCore.DotNetHostResolver,8.0.0
,,,,,,,14-10-2025,runtime.linux-bionic-x64.Microsoft.NETCore.DotNetHostPolicy,8.0.0
,,,,,,,14-10-2025,runtime.linux-bionic-x64.Microsoft.NETCore.DotNetHost,8.0.0
,,,,,,,14-10-2025,runtime.win-x64.Microsoft.NETCore.DotNetHost,8.0.0
,,,,,,,14-10-2025,System.DirectoryServices.AccountManagement,8.0.0
,,,,,,,14-10-2025,System.DirectoryServices,8.0.0
,,,,,,,14-10-2025,System.IO.Hashing,8.0.0
,,,,,,,14-10-2025,System.DirectoryServices.Protocols,8.0.0
,,,,,,,14-10-2025,System.IO.Packaging,8.0.0
,,,,,,,14-10-2025,System.Reflection.MetadataLoadContext,8.0.0
,,,,,,,14-10-2025,System.Management,8.0.0
,,,,,,,14-10-2025,System.Memory.Data,8.0.0
,,,,,,,14-10-2025,Microsoft.Bcl.TimeProvider,8.0.0
,,,,,,,14-10-2025,Microsoft.DotNet.ILCompiler,8.0.0
,,,,,,,14-10-2025,Microsoft.Extensions.Caching.Abstractions,8.0.0
,,,,,,,14-10-2025,Microsoft.Extensions.Caching.Memory,8.0.0
,,,,,,,14-10-2025,Microsoft.Extensions.Configuration.Binder,8.0.0
,,,,,,,14-10-2025,Microsoft.Extensions.Configuration,8.0.0
,,,,,,,14-10-2025,Microsoft.Extensions.Logging,8.0.0
,,,,,,,14-10-2025,Microsoft.Extensions.Hosting.Abstractions,8.0.0
,,,,,,,14-10-2025,Microsoft.Extensions.Logging.Configuration,8.0.0
,,,,,,,14-10-2025,Microsoft.Extensions.Logging.Abstractions,8.0.0
,,,,,,,14-10-2025,Microsoft.Extensions.Logging.Debug,8.0.0
,,,,,,,14-10-2025,Microsoft.Extensions.Logging.EventSource,8.0.0
,,,,,,,14-10-2025,Microsoft.Extensions.Logging.EventLog,8.0.0
,,,,,,,14-10-2025,Microsoft.Extensions.Options.ConfigurationExtensions,8.0.0
,,,,,,,14-10-2025,Microsoft.NET.Runtime.MonoAOTCompiler.Task.Msi.arm64,8.0.0
,,,,,,,14-10-2025,Microsoft.NET.Runtime.MonoTargets.Sdk,8.0.0
,,,,,,,14-10-2025,Microsoft.NET.Runtime.MonoTargets.Sdk.Msi.x64,8.0.0
,,,,,,,14-10-2025,Microsoft.NET.Sdk.WebAssembly.Pack,8.0.0
,,,,,,,14-10-2025,Microsoft.NET.Runtime.WebAssembly.Wasi.Sdk.Msi.arm64,8.0.0
,,,,,,,14-10-2025,Microsoft.NET.Workload.Mono.ToolChain.net7.Manifest-8.0.100,8.0.0
,,,,,,,14-10-2025,Microsoft.NETCore.App.Crossgen2.linux-x64,8.0.0
,,,,,,,14-10-2025,Microsoft.NETCore.App.Host.linux-arm,8.0.0
,,,,,,,14-10-2025,Microsoft.NETCore.App.Runtime.AOT.linux-x64.Cross.android-x64,8.0.0
,,,,,,,14-10-2025,Microsoft.NETCore.App.Runtime.AOT.osx-arm64.Cross.browser-wasm,8.0.0
,,,,,,,14-10-2025,Microsoft.NETCore.App.Runtime.AOT.osx-arm64.Cross.tvossimulator-arm64,8.0.0
,,,,,,,14-10-2025,Microsoft.NETCore.App.Runtime.AOT.win-x64.Cross.browser-wasm,8.0.0
,,,,,,,14-10-2025,Microsoft.NETCore.App.Runtime.AOT.win-x64.Cross.browser-wasm.Msi.arm64,8.0.0
,,,,,,,14-10-2025,Microsoft.NETCore.App.Runtime.AOT.win-x64.Cross.browser-wasm.Msi.x64,8.0.0
,,,,,,,14-10-2025,Microsoft.NETCore.App.Runtime.Mono.android-x64.Msi.x86,8.0.0
,,,,,,,14-10-2025,Microsoft.NETCore.App.Runtime.Mono.LLVM.AOT.linux-x64,8.0.0
,,,,,,,14-10-2025,Microsoft.NETCore.App.Runtime.Mono.LLVM.AOT.osx-x64,8.0.0
,,,,,,,14-10-2025,Microsoft.NETCore.App.Runtime.Mono.osx-arm64,8.0.0
,,,,,,,14-10-2025,Microsoft.NETCore.App.Runtime.Mono.tvossimulator-arm64,8.0.0
,,,,,,,14-10-2025,Microsoft.NETCore.App.Runtime.Mono.tvossimulator-arm64.Msi.arm64,8.0.0
,,,,,,,14-10-2025,Microsoft.NETCore.App.Runtime.Mono.tvossimulator-arm64.Msi.x64,8.0.0
,,,,,,,14-10-2025,Microsoft.NETCore.App.Runtime.Mono.wasi-wasm.Msi.x64,8.0.0
,,,,,,,14-10-2025,Microsoft.NETCore.App.Runtime.NativeAOT.maccatalyst-arm64,8.0.0
,,,,,,,14-10-2025,Microsoft.NETCore.App.Runtime.NativeAOT.tvos-arm64,8.0.0
,,,,,,,14-10-2025,runtime.linux-musl-arm.Microsoft.NETCore.ILAsm,8.0.0
,,,,,,,14-10-2025,runtime.linux-musl-x64.Microsoft.DotNet.ILCompiler,8.0.0
,,,,,,,14-10-2025,runtime.linux-musl-arm64.Microsoft.NETCore.DotNetHost,8.0.0
,,,,,,,14-10-2025,runtime.osx-x64.Microsoft.NETCore.DotNetHostPolicy,8.0.0
,,,,,,,14-10-2025,runtime.osx-arm64.Microsoft.DotNet.ILCompiler,8.0.0
,,,,,,,14-10-2025,runtime.linux-x64.Microsoft.NETCore.DotNetHost,8.0.0
,,,,,,,14-10-2025,runtime.osx-arm64.Microsoft.NETCore.DotNetHostPolicy,8.0.0
,,,,,,,14-10-2025,runtime.osx-x64.Microsoft.NETCore.DotNetAppHost,8.0.0
,,,,,,,14-10-2025,runtime.osx-arm64.Microsoft.NETCore.ILAsm,8.0.0
,,,,,,,14-10-2025,runtime.osx-arm64.runtime.native.System.IO.Ports,8.0.0
,,,,,,,14-10-2025,runtime.osx-x64.Microsoft.NETCore.DotNetHostResolver,8.0.0
,,,,,,,14-10-2025,runtime.osx-x64.runtime.native.System.IO.Ports,8.0.0
,,,,,,,14-10-2025,runtime.win-arm64.Microsoft.NETCore.DotNetAppHost,8.0.0
,,,,,,,14-10-2025,runtime.win-x86.Microsoft.NETCore.ILAsm,8.0.0
,,,,,,,14-10-2025,runtime.win-x86.Microsoft.NETCore.DotNetHost,8.0.0
,,,,,,,14-10-2025,runtime.win-x86.Microsoft.NETCore.DotNetHostPolicy,8.0.0
,,,,,,,14-10-2025,System.Configuration.ConfigurationManager,8.0.0
,,,,,,,14-10-2025,runtime.win-x86.Microsoft.NETCore.ILDAsm,8.0.0
,,,,,,,14-10-2025,System.CodeDom,8.0.0
,,,,,,,14-10-2025,System.ComponentModel.Composition,8.0.0
,,,,,,,14-10-2025,System.Collections.Immutable,8.0.0
,,,,,,,14-10-2025,System.ComponentModel.Composition.Registration,8.0.0
,,,,,,,14-10-2025,System.Composition,8.0.0
,,,,,,,14-10-2025,System.Diagnostics.EventLog,8.0.0
,,,,,,,14-10-2025,System.Composition.AttributedModel,8.0.0
,,,,,,,14-10-2025,System.Composition.Convention,8.0.0
,,,,,,,14-10-2025,System.Data.OleDb,8.0.0
,,,,,,,14-10-2025,System.Data.Odbc,8.0.0
,,,,,,,14-10-2025,System.Diagnostics.DiagnosticSource,8.0.0
,,,,,,,14-10-2025,System.Diagnostics.PerformanceCounter,8.0.0
,,,,,,,14-10-2025,System.IO.Pipelines,8.0.0
,,,,,,,14-10-2025,System.Security.Cryptography.Pkcs,8.0.0
,,,,,,,14-10-2025,System.Runtime.Serialization.Schema,8.0.0
,,,,,,,14-10-2025,System.Security.Cryptography.Cose,8.0.0
,,,,,,,14-10-2025,System.Speech,8.0.0
,,,,,,,14-10-2025,System.Text.Json,8.0.0
,,,,,,,14-10-2025,System.Threading.AccessControl,8.0.0
,,,,,,,14-10-2025,System.Windows.Extensions,8.0.0
,,,,,,,14-10-2025,Microsoft.Extensions.Hosting,8.0.0
,,,,,,,14-10-2025,Microsoft.Extensions.FileSystemGlobbing,8.0.0
,,,,,,,14-10-2025,Microsoft.Extensions.FileProviders.Abstractions,8.0.0
,,,,,,,14-10-2025,Microsoft.Extensions.FileProviders.Composite,8.0.0
,,,,,,,14-10-2025,Microsoft.Extensions.Hosting.Systemd,8.0.0
,,,,,,,14-10-2025,Microsoft.Extensions.Logging.Console,8.0.0
,,,,,,,14-10-2025,Microsoft.Extensions.Hosting.WindowsServices,8.0.0
,,,,,,,14-10-2025,Microsoft.Extensions.Http,8.0.0
,,,,,,,14-10-2025,Microsoft.NET.Runtime.MonoAOTCompiler.Task,8.0.0
,,,,,,,14-10-2025,Microsoft.NET.Runtime.LibraryBuilder.Sdk,8.0.0
,,,,,,,14-10-2025,Microsoft.NET.Runtime.iOS.Sample.Mono,8.0.0
,,,,,,,14-10-2025,Microsoft.NET.Runtime.WebAssembly.Templates.Msi.x64,8.0.0
,,,,,,,14-10-2025,Microsoft.NET.Runtime.WebAssembly.Wasi.Sdk.Msi.x64,8.0.0
,,,,,,,14-10-2025,Microsoft.NET.Runtime.WebAssembly.Wasi.Sdk.Msi.x86,8.0.0
,,,,,,,14-10-2025,Microsoft.NET.Workload.Mono.ToolChain.Current.Manifest-8.0.100,8.0.0
,,,,,,,14-10-2025,Microsoft.NET.Sdk.IL,8.0.0
,,,,,,,14-10-2025,Microsoft.NETCore.App.Crossgen2.osx-arm64,8.0.0
,,,,,,,14-10-2025,Microsoft.NETCore.App.Host.linux-arm64,8.0.0
,,,,,,,14-10-2025,Microsoft.NETCore.App.Crossgen2.win-arm64,8.0.0
,,,,,,,14-10-2025,Microsoft.NETCore.App.Host.linux-bionic-arm64,8.0.0
,,,,,,,14-10-2025,Microsoft.NETCore.App.Host.win-x64,8.0.0
,,,,,,,14-10-2025,Microsoft.NETCore.App.Runtime.AOT.linux-arm64.Cross.android-arm,8.0.0
,,,,,,,14-10-2025,Microsoft.NETCore.App.Runtime.AOT.linux-x64.Cross.browser-wasm,8.0.0
,,,,,,,14-10-2025,Microsoft.NETCore.App.Runtime.AOT.osx-arm64.Cross.android-x64,8.0.0
,,,,,,,14-10-2025,Microsoft.NETCore.App.Runtime.AOT.osx-x64.Cross.maccatalyst-x64,8.0.0
,,,,,,,14-10-2025,Microsoft.NETCore.App.Runtime.AOT.win-x64.Cross.android-arm64,8.0.0
,,,,,,,14-10-2025,Microsoft.NETCore.App.Runtime.AOT.win-x64.Cross.android-arm64.Msi.arm64,8.0.0
,,,,,,,14-10-2025,Microsoft.NETCore.App.Runtime.AOT.win-x64.Cross.android-arm64.Msi.x64,8.0.0
,,,,,,,14-10-2025,Microsoft.NETCore.App.Runtime.linux-arm64,8.0.0
,,,,,,,14-10-2025,Microsoft.NETCore.App.Runtime.AOT.win-x64.Cross.android-x86.Msi.arm64,8.0.0
,,,,,,,14-10-2025,Microsoft.NETCore.App.Runtime.linux-musl-arm,8.0.0
,,,,,,,14-10-2025,Microsoft.NETCore.App.Runtime.linux-musl-arm64,8.0.0
,,,,,,,14-10-2025,Microsoft.NETCore.App.Runtime.Mono.browser-wasm,8.0.0
,,,,,,,14-10-2025,Microsoft.NETCore.App.Runtime.Mono.ios-arm64.Msi.x64,8.0.0
,,,,,,,14-10-2025,Microsoft.NETCore.App.Runtime.Mono.iossimulator-arm64.Msi.x86,8.0.0
,,,,,,,14-10-2025,Microsoft.NETCore.App.Runtime.Mono.iossimulator-x64.Msi.x64,8.0.0
,,,,,,,14-10-2025,Microsoft.NETCore.App.Runtime.Mono.multithread.browser-wasm,8.0.0
,,,,,,,14-10-2025,Microsoft.NETCore.App.Runtime.Mono.tvos-arm64,8.0.0
,,,,,,,14-10-2025,Microsoft.NETCore.App.Runtime.Mono.tvos-arm64.Msi.x86,8.0.0
,,,,,,,14-10-2025,Microsoft.NETCore.App.Runtime.Mono.tvossimulator-x64,8.0.0
,,,,,,,14-10-2025,Microsoft.NETCore.App.Runtime.osx-x64,8.0.0
,,,,,,,14-10-2025,Microsoft.NETCore.App.Runtime.osx-arm64,8.0.0
,,,,,,,14-10-2025,Microsoft.NETCore.App.Runtime.win-arm64.Msi.arm64,8.0.0
,,,,,,,14-10-2025,Microsoft.NETCore.App.Runtime.win-arm64.Msi.x86,8.0.0
,,,,,,,14-10-2025,Microsoft.NETCore.App.Runtime.win-x86.Msi.x64,8.0.0
,,,,,,,14-10-2025,runtime.linux-musl-arm.Microsoft.NETCore.DotNetHostPolicy,8.0.0
,,,,,,,14-10-2025,Microsoft.NETCore.DotNetAppHost,8.0.0
,,,,,,,14-10-2025,Microsoft.NETCore.DotNetHost,8.0.0
,,,,,,,14-10-2025,Microsoft.NETCore.DotNetHostPolicy,8.0.0
,,,,,,,14-10-2025,Microsoft.NETCore.DotNetHostResolver,8.0.0
,,,,,,,14-10-2025,Microsoft.XmlSerializer.Generator,8.0.0
,,,,,,,14-10-2025,Microsoft.NETCore.ILAsm,8.0.0
,,,,,,,14-10-2025,Microsoft.NETCore.ILDAsm,8.0.0
,,,,,,,14-10-2025,Microsoft.Win32.Registry.AccessControl,8.0.0
,,,,,,,14-10-2025,runtime.linux-arm.Microsoft.NETCore.DotNetHost,8.0.0
,,,,,,,14-10-2025,runtime.linux-arm.Microsoft.NETCore.DotNetHostPolicy,8.0.0
,,,,,,,14-10-2025,runtime.linux-arm.Microsoft.NETCore.DotNetHostResolver,8.0.0
,,,,,,,14-10-2025,runtime.linux-arm.Microsoft.NETCore.ILAsm,8.0.0
,,,,,,,14-10-2025,runtime.linux-arm64.Microsoft.NETCore.DotNetHost,8.0.0
,,,,,,,14-10-2025,runtime.linux-arm64.Microsoft.NETCore.DotNetHostPolicy,8.0.0
,,,,,,,14-10-2025,runtime.linux-arm64.Microsoft.NETCore.ILDAsm,8.0.0
,,,,,,,14-10-2025,runtime.linux-arm64.Microsoft.NETCore.DotNetHostResolver,8.0.0
,,,,,,,14-10-2025,runtime.linux-arm64.runtime.native.System.IO.Ports,8.0.0
,,,,,,,14-10-2025,runtime.linux-bionic-arm64.Microsoft.NETCore.DotNetHost,8.0.0
,,,,,,,14-10-2025,runtime.linux-musl-arm64.Microsoft.DotNet.ILCompiler,8.0.0
,,,,,,,14-10-2025,runtime.linux-musl-arm.Microsoft.NETCore.ILDAsm,8.0.0
,,,,,,,14-10-2025,runtime.linux-musl-x64.Microsoft.NETCore.DotNetAppHost,8.0.0
,,,,,,,14-10-2025,runtime.linux-musl-x64.Microsoft.NETCore.DotNetHostResolver,8.0.0
,,,,,,,14-10-2025,runtime.linux-x64.Microsoft.NETCore.DotNetHostPolicy,8.0.0
,,,,,,,14-10-2025,runtime.linux-x64.Microsoft.NETCore.DotNetHostResolver,8.0.0
,,,,,,,14-10-2025,runtime.linux-x64.Microsoft.NETCore.ILAsm,8.0.0
,,,,,,,14-10-2025,runtime.linux-x64.Microsoft.NETCore.ILDAsm,8.0.0
,,,,,,,14-10-2025,runtime.native.System.IO.Ports,8.0.0
,,,,,,,14-10-2025,runtime.linux-x64.runtime.native.System.IO.Ports,8.0.0
,,,,,,,14-10-2025,runtime.osx-arm64.Microsoft.NETCore.DotNetAppHost,8.0.0
,,,,,,,14-10-2025,runtime.osx-arm64.Microsoft.NETCore.ILDAsm,8.0.0
,,,,,,,14-10-2025,runtime.osx-x64.Microsoft.NETCore.DotNetHost,8.0.0
,,,,,,,14-10-2025,runtime.osx-x64.Microsoft.NETCore.ILAsm,8.0.0
,,,,,,,14-10-2025,runtime.osx-x64.Microsoft.NETCore.ILDAsm,8.0.0
,,,,,,,14-10-2025,runtime.win-arm64.Microsoft.NETCore.DotNetHostResolver,8.0.0
,,,,,,,14-10-2025,runtime.win-arm64.Microsoft.NETCore.ILAsm,8.0.0
,,,,,,,14-10-2025,runtime.win-x64.Microsoft.NETCore.DotNetAppHost,8.0.0
,,,,,,,14-10-2025,runtime.win-x86.Microsoft.NETCore.DotNetHostResolver,8.0.0
,,,,,,,14-10-2025,runtime.win-x64.Microsoft.NETCore.DotNetHostPolicy,8.0.0
,,,,,,,14-10-2025,runtime.win-x86.Microsoft.NETCore.DotNetAppHost,8.0.0
,,,,,,,14-10-2025,System.Composition.Hosting,8.0.0
,,,,,,,14-10-2025,System.Composition.Runtime,8.0.0
,,,,,,,14-10-2025,System.Composition.TypedParts,8.0.0
,,,,,,,14-10-2025,System.Formats.Asn1,8.0.0
,,,,,,,14-10-2025,System.Formats.Cbor,8.0.0
,,,,,,,14-10-2025,System.Reflection.Metadata,8.0.0
,,,,,,,14-10-2025,System.Net.Http.Json,8.0.0
,,,,,,,14-10-2025,System.Net.Http.WinHttpHandler,8.0.0
,,,,,,,14-10-2025,System.Security.Cryptography.ProtectedData,8.0.0
,,,,,,,14-10-2025,System.Text.Encodings.Web,8.0.0
,,,,,,,14-10-2025,System.ServiceModel.Syndication,8.0.0
,,,,,,,14-10-2025,System.ServiceProcess.ServiceController,8.0.0
,,,,,,,14-10-2025,System.Text.Encoding.CodePages,8.0.0
,,,,,,,14-10-2025,System.Threading.Tasks.Dataflow,8.0.0
,,,,,,,14-10-2025,Microsoft.NETCore.App.Runtime.AOT.linux-arm64.Cross.android-arm64,8.0.0
,,,,,,,14-10-2025,Microsoft.NETCore.App.Runtime.AOT.osx-arm64.Cross.maccatalyst-x64,8.0.0
,,,,,,,14-10-2025,Microsoft.NETCore.App.Runtime.AOT.osx-x64.Cross.android-x64,8.0.0
,,,,,,,14-10-2025,Microsoft.NETCore.App.Runtime.AOT.osx-x64.Cross.android-arm64,8.0.0
,,,,,,,14-10-2025,Microsoft.NETCore.App.Runtime.AOT.osx-x64.Cross.ios-arm64,8.0.0
,,,,,,,14-10-2025,Microsoft.NETCore.App.Runtime.AOT.osx-x64.Cross.browser-wasm,8.0.0
,,,,,,,14-10-2025,Microsoft.NETCore.App.Runtime.AOT.osx-x64.Cross.tvos-arm64,8.0.0
,,,,,,,14-10-2025,Microsoft.NETCore.App.Runtime.AOT.win-x64.Cross.android-x86,8.0.0
,,,,,,,14-10-2025,Microsoft.NETCore.App.Runtime.Mono.browser-wasm.Msi.x86,8.0.0
,,,,,,,14-10-2025,Microsoft.NETCore.App.Runtime.Mono.ios-arm64.Msi.arm64,8.0.0
,,,,,,,14-10-2025,Microsoft.NETCore.App.Runtime.Mono.iossimulator-arm64.Msi.arm64,8.0.0
,,,,,,,14-10-2025,Microsoft.NETCore.App.Runtime.Mono.iossimulator-x64.Msi.arm64,8.0.0
,,,,,,,14-10-2025,Microsoft.NETCore.App.Runtime.Mono.linux-arm,8.0.0
,,,,,,,14-10-2025,Microsoft.NETCore.App.Runtime.Mono.LLVM.linux-arm64,8.0.0
,,,,,,,14-10-2025,Microsoft.NETCore.App.Runtime.Mono.LLVM.osx-x64,8.0.0
,,,,,,,14-10-2025,Microsoft.NETCore.App.Runtime.Mono.multithread.browser-wasm.Msi.arm64,8.0.0
,,,,,,,14-10-2025,Microsoft.NETCore.App.Runtime.Mono.osx-x64,8.0.0
,,,,,,,14-10-2025,Microsoft.NETCore.App.Runtime.Mono.tvossimulator-arm64.Msi.x86,8.0.0
,,,,,,,14-10-2025,Microsoft.NETCore.App.Runtime.Mono.win-x86,8.0.0
,,,,,,,14-10-2025,Microsoft.NETCore.App.Runtime.Mono.win-x64,8.0.0
,,,,,,,14-10-2025,Microsoft.NETCore.App.Runtime.NativeAOT.ios-arm64,8.0.0
,,,,,,,14-10-2025,Microsoft.NETCore.App.Runtime.NativeAOT.osx-arm64,8.0.0
,,,,,,,14-10-2025,Microsoft.NETCore.App.Runtime.NativeAOT.osx-x64,8.0.0
,,,,,,,14-10-2025,Microsoft.NETCore.App.Runtime.win-x64.Msi.arm64,8.0.0
,,,,,,,14-10-2025,runtime.linux-arm64.Microsoft.NETCore.DotNetAppHost,8.0.0
,,,,,,,14-10-2025,runtime.linux-bionic-arm64.Microsoft.NETCore.DotNetHostPolicy,8.0.0
,,,,,,,14-10-2025,runtime.linux-bionic-x64.Microsoft.NETCore.DotNetHostResolver,8.0.0
,,,,,,,14-10-2025,runtime.linux-musl-arm.Microsoft.NETCore.DotNetAppHost,8.0.0
,,,,,,,14-10-2025,runtime.linux-musl-arm.Microsoft.NETCore.DotNetHostResolver,8.0.0
,,,,,,,14-10-2025,runtime.linux-musl-arm64.Microsoft.NETCore.DotNetAppHost,8.0.0
,,,,,,,14-10-2025,runtime.linux-musl-x64.Microsoft.NETCore.DotNetHostPolicy,8.0.0
,,,,,,,14-10-2025,runtime.linux-x64.Microsoft.NETCore.DotNetAppHost,8.0.0
,,,,,,,14-10-2025,runtime.osx-x64.Microsoft.DotNet.ILCompiler,8.0.0
,,,,,,,14-10-2025,runtime.win-arm64.Microsoft.DotNet.ILCompiler,8.0.0
,,,,,,,14-10-2025,runtime.win-arm64.Microsoft.NETCore.DotNetHostPolicy,8.0.0
,,,,,,,14-10-2025,runtime.win-x64.Microsoft.NETCore.DotNetHostResolver,8.0.0
,,,,,,,14-10-2025,runtime.win-arm64.Microsoft.NETCore.ILDAsm,8.0.0
,,,,,,,14-10-2025,runtime.win-x64.Microsoft.NETCore.ILAsm,8.0.0
,,,,,,,14-10-2025,System.IO.Ports,8.0.0
,,,,,,,14-10-2025,System.Numerics.Tensors,8.0.0
,,,,,,,14-10-2025,System.Runtime.Caching,8.0.0
,,,,,,,14-10-2025,System.Reflection.Context,8.0.0
,,,,,,,14-10-2025,System.Resources.Extensions,8.0.0
,,,,,,,14-10-2025,System.Security.Cryptography.Xml,8.0.0
,,,,,,,14-10-2025,Microsoft.NETCore.App.Runtime.AOT.win-x64.Cross.android-x86.Msi.x64,8.0.0
,,,,,,,14-10-2025,Microsoft.NETCore.App.Runtime.Mono.iossimulator-arm64,8.0.0
,,,,,,,14-10-2025,Microsoft.NETCore.App.Runtime.Mono.iossimulator-arm64.Msi.x64,8.0.0
,,,,,,,14-10-2025,System.Security.Permissions,8.0.0
,,,,,,,14-10-2025,Microsoft.Extensions.DependencyModel,8.0.0
,,,,,,,14-10-2025,Microsoft.Extensions.Configuration.Xml,8.0.0
,,,,,,,14-10-2025,Microsoft.ILVerification,8.0.0
,,,,,,,14-10-2025,Microsoft.NET.Runtime.Android.Sample.Mono,8.0.0
,,,,,,,14-10-2025,Microsoft.NET.Runtime.WebAssembly.Sdk.Msi.arm64,8.0.0
,,,,,,,14-10-2025,Microsoft.NET.Runtime.WebAssembly.Sdk.Msi.x64,8.0.0
,,,,,,,14-10-2025,Microsoft.NET.Runtime.WebAssembly.Sdk.Msi.x86,8.0.0
,,,,,,,14-10-2025,Microsoft.NET.Workload.Mono.ToolChain.Current.Manifest-8.0.100.Msi.x86,8.0.0
,,,,,,,14-10-2025,Microsoft.NET.Workload.Mono.ToolChain.net6.Manifest-8.0.100.Msi.arm64,8.0.0
,,,,,,,14-10-2025,Microsoft.NET.Workload.Mono.ToolChain.net6.Manifest-8.0.100.Msi.x86,8.0.0
,,,,,,,14-10-2025,Microsoft.NET.Workload.Mono.ToolChain.net7.Manifest-8.0.100.Msi.x86,8.0.0
,,,,,,,14-10-2025,Microsoft.NETCore.App.Crossgen2.linux-musl-x64,8.0.0
,,,,,,,14-10-2025,Microsoft.NETCore.App.Crossgen2.linux-musl-arm64,8.0.0
,,,,,,,14-10-2025,Microsoft.NETCore.App.Host.win-arm64,8.0.0
,,,,,,,14-10-2025,Microsoft.NETCore.App.Host.win-x86,8.0.0
,,,,,,,14-10-2025,Microsoft.NETCore.App.Runtime.AOT.osx-arm64.Cross.iossimulator-x64,8.0.0
,,,,,,,14-10-2025,Microsoft.NETCore.App.Runtime.AOT.osx-arm64.Cross.tvos-arm64,8.0.0
,,,,,,,14-10-2025,Microsoft.NETCore.App.Runtime.AOT.osx-arm64.Cross.tvossimulator-x64,8.0.0
,,,,,,,14-10-2025,Microsoft.NETCore.App.Runtime.linux-arm,8.0.0
,,,,,,,14-10-2025,Microsoft.NETCore.App.Runtime.linux-bionic-x64,8.0.0
,,,,,,,14-10-2025,Microsoft.NETCore.App.Runtime.Mono.android-arm64.Msi.arm64,8.0.0
,,,,,,,14-10-2025,Microsoft.NETCore.App.Runtime.Mono.android-x64.Msi.x64,8.0.0
,,,,,,,14-10-2025,Microsoft.NETCore.App.Runtime.Mono.browser-wasm.Msi.x64,8.0.0
,,,,,,,14-10-2025,Microsoft.NETCore.App.Runtime.Mono.iossimulator-x64,8.0.0
,,,,,,,14-10-2025,Microsoft.NETCore.App.Runtime.Mono.maccatalyst-arm64,8.0.0
,,,,,,,14-10-2025,Microsoft.NETCore.App.Runtime.Mono.LLVM.linux-x64,8.0.0
,,,,,,,14-10-2025,Microsoft.NETCore.App.Runtime.Mono.maccatalyst-arm64.Msi.x64,8.0.0
,,,,,,,14-10-2025,Microsoft.NETCore.App.Runtime.Mono.maccatalyst-x64,8.0.0
,,,,,,,14-10-2025,Microsoft.NETCore.App.Runtime.Mono.maccatalyst-arm64.Msi.x86,8.0.0
,,,,,,,14-10-2025,Microsoft.NETCore.App.Runtime.Mono.maccatalyst-x64.Msi.x64,8.0.0
,,,,,,,14-10-2025,Microsoft.NETCore.App.Runtime.Mono.multithread.browser-wasm.Msi.x64,8.0.0
,,,,,,,14-10-2025,Microsoft.NETCore.App.Runtime.Mono.tvos-arm64.Msi.arm64,8.0.0
,,,,,,,14-10-2025,Microsoft.NETCore.App.Runtime.Mono.tvos-arm64.Msi.x64,8.0.0
,,,,,,,14-10-2025,Microsoft.NETCore.App.Runtime.Mono.wasi-wasm.Msi.arm64,8.0.0
,,,,,,,14-10-2025,Microsoft.NETCore.App.Runtime.NativeAOT.iossimulator-x64,8.0.0
,,,,,,,14-10-2025,Microsoft.NETCore.App.Runtime.NativeAOT.linux-bionic-x64,8.0.0
,,,,,,,14-10-2025,Microsoft.NETCore.App.Runtime.NativeAOT.maccatalyst-x64,8.0.0
,,,,,,,14-10-2025,Microsoft.NETCore.App.Runtime.NativeAOT.tvossimulator-arm64,8.0.0
,,,,,,,14-10-2025,Microsoft.NETCore.App.Runtime.win-arm64.Msi.x64,8.0.0
,,,,,,,14-10-2025,Microsoft.NETCore.App.Runtime.win-x86,8.0.0
,,,,,,,14-10-2025,runtime.linux-arm.runtime.native.System.IO.Ports,8.0.0
,,,,,,,14-10-2025,Microsoft.AspNetCore.App.Runtime.linux-arm,8.0.0
,,,,,,,14-10-2025,Microsoft.AspNetCore.App.Runtime.osx-arm64,8.0.0
,,,,,,,14-10-2025,Microsoft.AspNetCore.App.Runtime.linux-musl-arm64,8.0.0
,,,,,,,14-10-2025,AspNetCoreRuntime.8.0.x86,8.0.0
,,,,,,,14-10-2025,Microsoft.AspNetCore.App.Runtime.win-x86,8.0.0
,,,,,,,14-10-2025,Microsoft.AspNetCore.Authentication.Certificate,8.0.0
,,,,,,,14-10-2025,Microsoft.AspNetCore.Authentication.Facebook,8.0.0
,,,,,,,14-10-2025,Microsoft.AspNetCore.Authentication.Google,8.0.0
,,,,,,,14-10-2025,Microsoft.AspNetCore.Authentication.JwtBearer,8.0.0
,,,,,,,14-10-2025,Microsoft.AspNetCore.Authentication.MicrosoftAccount,8.0.0
,,,,,,,14-10-2025,Microsoft.AspNetCore.Authentication.Negotiate,8.0.0
,,,,,,,14-10-2025,Microsoft.AspNetCore.Authentication.OpenIdConnect,8.0.0
,,,,,,,14-10-2025,Microsoft.AspNetCore.Authentication.Twitter,8.0.0
,,,,,,,14-10-2025,Microsoft.AspNetCore.Authentication.WsFederation,8.0.0
,,,,,,,14-10-2025,Microsoft.AspNetCore.Components,8.0.0
,,,,,,,14-10-2025,Microsoft.AspNetCore.AzureAppServices.HostingStartup,8.0.0
,,,,,,,14-10-2025,Microsoft.AspNetCore.Components.WebAssembly.DevServer,8.0.0
,,,,,,,14-10-2025,Microsoft.AspNetCore.AzureAppServices.SiteExtension,8.0.0
,,,,,,,14-10-2025,Microsoft.AspNetCore.Components.QuickGrid,8.0.0
,,,,,,,14-10-2025,Microsoft.AspNetCore.Components.QuickGrid.EntityFrameworkAdapter,8.0.0
,,,,,,,14-10-2025,Microsoft.AspNetCore.Components.WebAssembly.Server,8.0.0
,,,,,,,14-10-2025,Microsoft.AspNetCore.Grpc.JsonTranscoding,8.0.0
,,,,,,,14-10-2025,Microsoft.AspNetCore.Components.WebView,8.0.0
,,,,,,,14-10-2025,Microsoft.AspNetCore.Connections.Abstractions,8.0.0
,,,,,,,14-10-2025,Microsoft.AspNetCore.ConcurrencyLimiter,8.0.0
,,,,,,,14-10-2025,Microsoft.AspNetCore.DataProtection.Extensions,8.0.0
,,,,,,,14-10-2025,Microsoft.AspNetCore.DataProtection.Abstractions,8.0.0
,,,,,,,14-10-2025,Microsoft.AspNetCore.Mvc.NewtonsoftJson,8.0.0
,,,,,,,14-10-2025,Microsoft.AspNetCore.Mvc.Testing,8.0.0
,,,,,,,14-10-2025,Microsoft.AspNetCore.OutputCaching.StackExchangeRedis,8.0.0
,,,,,,,14-10-2025,Microsoft.AspNetCore.OpenApi,8.0.0
,,,,,,,14-10-2025,Microsoft.AspNetCore.SignalR.Client.Core,8.0.0
,,,,,,,14-10-2025,Microsoft.Authentication.WebAssembly.Msal,8.0.0
,,,,,,,14-10-2025,Microsoft.AspNetCore.SpaServices.Extensions,8.0.0
,,,,,,,14-10-2025,Microsoft.AspNetCore.WebUtilities,8.0.0
,,,,,,,14-10-2025,Microsoft.AspNetCore.TestHost,8.0.0
,,,,,,,14-10-2025,Microsoft.DotNet.Web.ItemTemplates.8.0,8.0.0
,,,,,,,14-10-2025,Microsoft.Extensions.Caching.SqlServer,8.0.0
,,,,,,,14-10-2025,Microsoft.Extensions.Diagnostics.HealthChecks,8.0.0
,,,,,,,14-10-2025,Microsoft.Extensions.Identity.Stores,8.0.0
,,,,,,,14-10-2025,Microsoft.Extensions.Localization,8.0.0
,,,,,,,14-10-2025,Microsoft.AspNetCore.Components.Analyzers,8.0.0
,,,,,,,14-10-2025,Microsoft.AspNetCore.Components.WebAssembly.Authentication,8.0.0
,,,,,,,14-10-2025,Microsoft.AspNetCore.Cryptography.Internal,8.0.0
,,,,,,,14-10-2025,Microsoft.AspNetCore.Cryptography.KeyDerivation,8.0.0
,,,,,,,14-10-2025,Microsoft.AspNetCore.DataProtection,8.0.0
,,,,,,,14-10-2025,Microsoft.AspNetCore.Hosting.WindowsServices,8.0.0
,,,,,,,14-10-2025,Microsoft.AspNetCore.Metadata,8.0.0
,,,,,,,14-10-2025,Microsoft.AspNetCore.Mvc.Razor.RuntimeCompilation,8.0.0
,,,,,,,14-10-2025,Microsoft.AspNetCore.Http.Connections.Common,8.0.0
,,,,,,,14-10-2025,Microsoft.AspNetCore.Http.Connections.Client,8.0.0
,,,,,,,14-10-2025,Microsoft.AspNetCore.Identity.EntityFrameworkCore,8.0.0
,,,,,,,14-10-2025,Microsoft.AspNetCore.Identity.UI,8.0.0
,,,,,,,14-10-2025,Microsoft.AspNetCore.JsonPatch,8.0.0
,,,,,,,14-10-2025,Microsoft.AspNetCore.MiddlewareAnalysis,8.0.0
,,,,,,,14-10-2025,Microsoft.AspNetCore.Owin,8.0.0
,,,,,,,14-10-2025,Microsoft.AspNetCore.SignalR.Client,8.0.0
,,,,,,,14-10-2025,Microsoft.DotNet.Web.Client.ItemTemplates,8.0.0
,,,,,,,14-10-2025,Microsoft.Extensions.Caching.StackExchangeRedis,8.0.0
,,,,,,,14-10-2025,Microsoft.Extensions.Diagnostics.HealthChecks.EntityFrameworkCore,8.0.0
,,,,,,,14-10-2025,Microsoft.Extensions.FileProviders.Embedded,8.0.0
,,,,,,,14-10-2025,Microsoft.Extensions.Identity.Core,8.0.0
,,,,,,,14-10-2025,Microsoft.Extensions.Logging.AzureAppServices,8.0.0
,,,,,,,14-10-2025,Microsoft.Extensions.ObjectPool,8.0.0
,,,,,,,14-10-2025,Microsoft.AspNetCore.App.Runtime.linux-musl-x64,8.0.0
,,,,,,,14-10-2025,Microsoft.AspNetCore.App.Runtime.win-x64,8.0.0
,,,,,,,14-10-2025,Microsoft.AspNetCore.SignalR.Protocols.MessagePack,8.0.0
,,,,,,,14-10-2025,Microsoft.AspNetCore.SignalR.Protocols.NewtonsoftJson,8.0.0
,,,,,,,14-10-2025,Microsoft.dotnet-openapi,8.0.0
,,,,,,,14-10-2025,Microsoft.DotNet.Web.ProjectTemplates.8.0,8.0.0
,,,,,,,14-10-2025,Microsoft.Extensions.Features,8.0.0
,,,,,,,14-10-2025,Microsoft.Extensions.Localization.Abstractions,8.0.0
,,,,,,,14-10-2025,Microsoft.Extensions.WebEncoders,8.0.0
,,,,,,,14-10-2025,Microsoft.JSInterop,8.0.0
,,,,,,,14-10-2025,Microsoft.JSInterop.WebAssembly,8.0.0
,,,,,,,14-10-2025,Microsoft.Net.Http.Headers,8.0.0
,,,,,,,14-10-2025,Microsoft.AspNetCore.App.Runtime.linux-musl-arm,8.0.0
,,,,,,,14-10-2025,Microsoft.AspNetCore.App.Runtime.linux-arm64,8.0.0
,,,,,,,14-10-2025,Microsoft.AspNetCore.App.Runtime.osx-x64,8.0.0
,,,,,,,14-10-2025,dotnet-sql-cache,8.0.0
,,,,,,,14-10-2025,Microsoft.AspNetCore.Authorization,8.0.0
,,,,,,,14-10-2025,Microsoft.AspNetCore.AzureAppServicesIntegration,8.0.0
,,,,,,,14-10-2025,Microsoft.AspNetCore.Components.Forms,8.0.0
,,,,,,,14-10-2025,Microsoft.AspNetCore.Components.Authorization,8.0.0
,,,,,,,14-10-2025,Microsoft.AspNetCore.Components.Web,8.0.0
,,,,,,,14-10-2025,Microsoft.AspNetCore.Components.CustomElements,8.0.0
,,,,,,,14-10-2025,Microsoft.AspNetCore.Components.WebAssembly,8.0.0
,,,,,,,14-10-2025,Microsoft.AspNetCore.DataProtection.EntityFrameworkCore,8.0.0
,,,,,,,14-10-2025,Microsoft.AspNetCore.DataProtection.StackExchangeRedis,8.0.0
,,,,,,,14-10-2025,Microsoft.AspNetCore.Diagnostics.EntityFrameworkCore,8.0.0
,,,,,,,14-10-2025,Microsoft.AspNetCore.Grpc.Swagger,0.8.0
,,,,,,,14-10-2025,Microsoft.AspNetCore.HeaderPropagation,8.0.0
,,,,,,,14-10-2025,Microsoft.AspNetCore.SpaProxy,8.0.0
,,,,,,,14-10-2025,Microsoft.AspNetCore.SignalR.Common,8.0.0
,,,,,,,14-10-2025,Microsoft.AspNetCore.SignalR.Protocols.Json,8.0.0
,,,,,,,14-10-2025,Microsoft.AspNetCore.SignalR.Specification.Tests,8.0.0
,,,,,,,14-10-2025,Microsoft.AspNetCore.SignalR.StackExchangeRedis,8.0.0
,,,,,,,14-10-2025,Microsoft.Extensions.ApiDescription.Client,8.0.0
,,,,,,,14-10-2025,Microsoft.Extensions.ApiDescription.Server,8.0.0
,,,,,,,14-10-2025,Microsoft.Extensions.Diagnostics.HealthChecks.Abstractions,8.0.0
,,,,,,,14-10-2025,Microsoft.Extensions.Http.Polly,8.0.0
,,,,,,,14-10-2025,Microsoft.AspNetCore.App.Runtime.linux-x64,8.0.0
,,,,,,,14-10-2025,AspNetCoreRuntime.8.0.x64,8.0.0
,,,,,,,14-10-2025,Microsoft.AspNetCore.App.Ref,8.0.0
,,,,,,,14-10-2025,Microsoft.AspNetCore.App.Runtime.win-arm64,8.0.0
,,,,,,,14-10-2025,Microsoft.Extensions.Configuration.KeyPerFile,8.0.0
,,,,,,,14-10-2025,Microsoft.NET.Build.Containers,8.0.100
,,,,,,,14-10-2025,Microsoft.DotNet.ApiCompat.Task,8.0.100
,,,,,,,14-10-2025,FSharp.Core,8.0.100
,,,,,,,14-10-2025,Microsoft.DotNet.Common.ItemTemplates,8.0.100
,,,,,,,14-10-2025,Microsoft.DotNet.Common.ProjectTemplates.8.0,8.0.100
,,,,,,,14-10-2025,Microsoft.DotNet.ApiCompat.Tool,8.0.100
,,,,,,,14-10-2025,FSharp.Compiler.Service,43.8.100
,,,,,,,14-10-2025,System.Drawing.Common,8.0.0
,,,,,,,14-10-2025,Microsoft.NET.Runtime.Emscripten.3.1.34.Cache.linux-arm64,8.0.0
,,,,,,,14-10-2025,Microsoft.NET.Runtime.Emscripten.3.1.34.Node.osx-arm64,8.0.0
,,,,,,,14-10-2025,Microsoft.NET.Runtime.Emscripten.3.1.34.Node.win-arm64.Msi.arm64,8.0.0
,,,,,,,14-10-2025,Microsoft.NET.Runtime.Emscripten.3.1.34.Cache.osx-x64,8.0.0
,,,,,,,14-10-2025,Microsoft.NET.Runtime.Emscripten.3.1.34.Sdk.osx-x64,8.0.0
,,,,,,,14-10-2025,Microsoft.NET.Runtime.Emscripten.3.1.34.Cache.win-x64,8.0.0
,,,,,,,14-10-2025,Microsoft.NET.Workload.Emscripten.net7.Manifest-8.0.100.Msi.x64,8.0.0
,,,,,,,14-10-2025,Microsoft.NET.Workload.Emscripten.net7.Manifest-8.0.100.Msi.x86,8.0.0
,,,,,,,14-10-2025,Microsoft.NET.Runtime.Emscripten.3.1.34.Node.win-x64,8.0.0
,,,,,,,14-10-2025,Microsoft.NET.Runtime.Emscripten.3.1.34.Cache.linux-x64,8.0.0
,,,,,,,14-10-2025,Microsoft.NET.Runtime.Emscripten.3.1.34.Sdk.osx-arm64,8.0.0
,,,,,,,14-10-2025,Microsoft.NET.Runtime.Emscripten.3.1.34.Python.osx-arm64,8.0.0
,,,,,,,14-10-2025,Microsoft.NET.Runtime.Emscripten.3.1.34.Cache.win-x64.Msi.x64,8.0.0
,,,,,,,14-10-2025,Microsoft.NET.Runtime.Emscripten.3.1.34.Node.win-x64.Msi.x64,8.0.0
,,,,,,,14-10-2025,Microsoft.NET.Runtime.Emscripten.3.1.34.Sdk.win-x64,8.0.0
,,,,,,,14-10-2025,Microsoft.NET.Workload.Emscripten.Current.Manifest-8.0.100.Msi.arm64,8.0.0
,,,,,,,14-10-2025,Microsoft.NET.Workload.Emscripten.Current.Manifest-8.0.100.Msi.x64,8.0.0
,,,,,,,14-10-2025,Microsoft.NET.Runtime.Emscripten.3.1.34.Sdk.linux-arm64,8.0.0
,,,,,,,14-10-2025,Microsoft.NET.Runtime.Emscripten.3.1.34.Node.linux-arm64,8.0.0
,,,,,,,14-10-2025,Microsoft.NET.Runtime.Emscripten.3.1.34.Cache.osx-arm64,8.0.0
,,,,,,,14-10-2025,Microsoft.NET.Runtime.Emscripten.3.1.34.Node.linux-x64,8.0.0
,,,,,,,14-10-2025,Microsoft.NET.Runtime.Emscripten.3.1.34.Node.osx-x64,8.0.0
,,,,,,,14-10-2025,Microsoft.NET.Runtime.Emscripten.3.1.34.Cache.win-arm64,8.0.0
,,,,,,,14-10-2025,Microsoft.NET.Runtime.Emscripten.3.1.34.Python.win-x64.Msi.x64,8.0.0
,,,,,,,14-10-2025,Microsoft.NET.Workload.Emscripten.net6.Manifest-8.0.100.Msi.arm64,8.0.0
,,,,,,,14-10-2025,Microsoft.NET.Runtime.Emscripten.3.1.34.Python.win-x64,8.0.0
,,,,,,,14-10-2025,Microsoft.NET.Workload.Emscripten.Current.Manifest-8.0.100,8.0.0
,,,,,,,14-10-2025,Microsoft.NET.Runtime.Emscripten.3.1.34.Sdk.linux-x64,8.0.0
,,,,,,,14-10-2025,Microsoft.NET.Runtime.Emscripten.3.1.34.Sdk.win-arm64,8.0.0
,,,,,,,14-10-2025,Microsoft.NET.Runtime.Emscripten.3.1.34.Python.osx-x64,8.0.0
,,,,,,,14-10-2025,Microsoft.NET.Workload.Emscripten.Current.Manifest-8.0.100.Msi.x86,8.0.0
,,,,,,,14-10-2025,Microsoft.NET.Workload.Emscripten.net6.Manifest-8.0.100.Msi.x64,8.0.0
,,,,,,,14-10-2025,Microsoft.NET.Workload.Emscripten.net7.Manifest-8.0.100.Msi.arm64,8.0.0
,,,,,,,14-10-2025,Microsoft.NET.Workload.Emscripten.net6.Manifest-8.0.100,8.0.0
,,,,,,,14-10-2025,Microsoft.NET.Runtime.Emscripten.3.1.34.Python.win-arm64.Msi.arm64,8.0.0
,,,,,,,14-10-2025,Microsoft.NET.Runtime.Emscripten.3.1.34.Sdk.win-x64.Msi.x64,8.0.0
,,,,,,,14-10-2025,Microsoft.NET.Workload.Emscripten.net7.Manifest-8.0.100,8.0.0
,,,,,,,14-10-2025,Microsoft.NET.Runtime.Emscripten.3.1.34.Cache.win-arm64.Msi.arm64,8.0.0
,,,,,,,14-10-2025,Microsoft.NET.Runtime.Emscripten.3.1.34.Node.win-arm64,8.0.0
,,,,,,,14-10-2025,Microsoft.NET.Runtime.Emscripten.3.1.34.Python.win-arm64,8.0.0
,,,,,,,14-10-2025,Microsoft.NET.Runtime.Emscripten.3.1.34.Sdk.win-arm64.Msi.arm64,8.0.0
,,,,,,,14-10-2025,Microsoft.NET.Workload.Emscripten.net6.Manifest-8.0.100.Msi.x86,8.0.0
,,,,,,,14-10-2025,Microsoft.Data.Sqlite,8.0.0
,,,,,,,14-10-2025,Microsoft.EntityFrameworkCore.AspNet.Specification.Tests,8.0.0
,,,,,,,14-10-2025,Microsoft.EntityFrameworkCore.Abstractions,8.0.0
,,,,,,,14-10-2025,Microsoft.EntityFrameworkCore.Analyzers,8.0.0
,,,,,,,14-10-2025,Microsoft.EntityFrameworkCore.Tools,8.0.0
,,,,,,,14-10-2025,Microsoft.Data.Sqlite.Core,8.0.0
,,,,,,,14-10-2025,dotnet-ef,8.0.0
,,,,,,,14-10-2025,Microsoft.EntityFrameworkCore,8.0.0
,,,,,,,14-10-2025,Microsoft.EntityFrameworkCore.SqlServer,8.0.0
,,,,,,,14-10-2025,Microsoft.EntityFrameworkCore.Sqlite.NetTopologySuite,8.0.0
,,,,,,,14-10-2025,Microsoft.EntityFrameworkCore.SqlServer.Abstractions,8.0.0
,,,,,,,14-10-2025,Microsoft.EntityFrameworkCore.SqlServer.NetTopologySuite,8.0.0
,,,,,,,14-10-2025,Microsoft.EntityFrameworkCore.SqlServer.HierarchyId,8.0.0
,,,,,,,14-10-2025,Microsoft.EntityFrameworkCore.Sqlite.Core,8.0.0
,,,,,,,14-10-2025,Microsoft.EntityFrameworkCore.Cosmos,8.0.0
,,,,,,,14-10-2025,Microsoft.EntityFrameworkCore.Design,8.0.0
,,,,,,,14-10-2025,Microsoft.EntityFrameworkCore.Proxies,8.0.0
,,,,,,,14-10-2025,Microsoft.EntityFrameworkCore.InMemory,8.0.0
,,,,,,,14-10-2025,Microsoft.EntityFrameworkCore.Sqlite,8.0.0
,,,,,,,14-10-2025,Microsoft.EntityFrameworkCore.Relational,8.0.0
,,,,,,,14-10-2025,Microsoft.EntityFrameworkCore.Specification.Tests,8.0.0
,,,,,,,14-10-2025,Microsoft.EntityFrameworkCore.Relational.Specification.Tests,8.0.0
,,,,,,,14-10-2025,Microsoft.EntityFrameworkCore.Templates,8.0.0
,,,,,,,14-10-2025,Microsoft.TemplateEngine.Authoring.Templates,8.0.100
,,,,,,,14-10-2025,Microsoft.TemplateEngine.Core.Contracts,8.0.100
,,,,,,,14-10-2025,Microsoft.TemplateEngine.Utils,8.0.100
,,,,,,,14-10-2025,Microsoft.TemplateEngine.Authoring.Tasks,8.0.100
,,,,,,,14-10-2025,Microsoft.TemplateEngine.Abstractions,8.0.100
,,,,,,,14-10-2025,Microsoft.TemplateEngine.Authoring.TemplateVerifier,8.0.100
,,,,,,,14-10-2025,Microsoft.TemplateEngine.Authoring.CLI,8.0.100
,,,,,,,14-10-2025,Microsoft.TemplateEngine.Edge,8.0.100
,,,,,,,14-10-2025,Microsoft.TemplateEngine.IDE,8.0.100
,,,,,,,14-10-2025,Microsoft.TemplateEngine.TemplateLocalizer.Core,8.0.100
,,,,,,,14-10-2025,Microsoft.TemplateEngine.Samples,8.0.100
,,,,,,,14-10-2025,Microsoft.TemplateEngine.Orchestrator.RunnableProjects,8.0.100
,,,,,,,14-10-2025,Microsoft.TemplateSearch.Common,8.0.100
,,,,,,,14-10-2025,Microsoft.TemplateEngine.Core,8.0.100
,,,,,,,14-10-2025,Microsoft.CodeAnalysis.Analyzers,3.11.0-beta1.23525.2
,,,,,,,14-10-2025,Microsoft.CodeAnalysis.NetAnalyzers,8.0.0-preview.23525.2
,,,,,,,14-10-2025,Microsoft.CodeAnalysis.BannedApiAnalyzers,3.11.0-beta1.23525.2
,,,,,,,14-10-2025,Microsoft.CodeAnalysis.PerformanceSensitiveAnalyzers,3.11.0-beta1.23525.2
,,,,,,,14-10-2025,Microsoft.CodeAnalysis.PublicApiAnalyzers,3.11.0-beta1.23525.2
,,,,,,,14-10-2025,Microsoft.CodeAnalysis.ResxSourceGenerator,3.11.0-beta1.23525.2
,,,,,,,14-10-2025,Microsoft.CodeAnalysis.Metrics,4.0.0-beta1.23525.2
,,,,,,,14-10-2025,Microsoft.CodeAnalysis.AnalyzerUtilities,3.11.0-beta1.23525.2
,,,,,,,14-10-2025,Roslyn.Diagnostics.Analyzers,3.11.0-beta1.23525.2
,,,,,,,14-10-2025,Microsoft.CodeAnalysis.RulesetToEditorconfigConverter,3.11.0-beta1.23525.2
,,,,,,,14-10-2025,Text.Analyzers,3.11.0-beta1.23525.2
,,,,,,,14-10-2025,Microsoft.AspNetCore.Diagnostics.Middleware,8.0.0
,,,,,,,14-10-2025,Microsoft.AspNetCore.AsyncState,8.0.0
,,,,,,,14-10-2025,Microsoft.AspNetCore.HeaderParsing,8.0.0
,,,,,,,14-10-2025,Microsoft.AspNetCore.Testing,8.0.0
,,,,,,,14-10-2025,Microsoft.Extensions.AsyncState,8.0.0
,,,,,,,14-10-2025,Microsoft.Extensions.DependencyInjection.AutoActivation,8.0.0
,,,,,,,14-10-2025,Microsoft.Extensions.Diagnostics.HealthChecks.Common,8.0.0
,,,,,,,14-10-2025,Microsoft.Extensions.Diagnostics.Probes,8.0.0
,,,,,,,14-10-2025,Microsoft.Extensions.Diagnostics.ResourceMonitoring,8.0.0
,,,,,,,14-10-2025,Microsoft.Extensions.Hosting.Testing,8.0.0
,,,,,,,14-10-2025,Microsoft.Extensions.Diagnostics.Testing,8.0.0
,,,,,,,14-10-2025,Microsoft.Extensions.Http.Resilience,8.0.0
,,,,,,,14-10-2025,Microsoft.Extensions.StaticAnalysis,8.0.0
,,,,,,,14-10-2025,Microsoft.Extensions.Compliance.Testing,8.0.0
,,,,,,,14-10-2025,Microsoft.Extensions.Diagnostics.HealthChecks.ResourceUtilization,8.0.0
,,,,,,,14-10-2025,Microsoft.Extensions.Http.Diagnostics,8.0.0
,,,,,,,14-10-2025,Microsoft.Extensions.Options.Contextual,8.0.0
,,,,,,,14-10-2025,Microsoft.Extensions.Resilience,8.0.0
,,,,,,,14-10-2025,Microsoft.Extensions.Telemetry.Abstractions,8.0.0
,,,,,,,14-10-2025,Microsoft.Extensions.Telemetry,8.0.0
,,,,,,,14-10-2025,Microsoft.Extensions.TimeProvider.Testing,8.0.0
,,,,,,,14-10-2025,Microsoft.Extensions.Compliance.Redaction,8.0.0
,,,,,,,14-10-2025,Microsoft.Extensions.AmbientMetadata.Application,8.0.0
,,,,,,,14-10-2025,Microsoft.Extensions.AuditReports,8.0.0
,,,,,,,14-10-2025,Microsoft.Extensions.Compliance.Abstractions,8.0.0
,,,,,,,14-10-2025,Microsoft.Extensions.Diagnostics.ExceptionSummarization,8.0.0
,,,,,,,14-10-2025,Microsoft.Extensions.ObjectPool.DependencyInjection,8.0.0
,,,,,,,,,
