Table,Version Name,Version,URL,Scraped Date
Table 1, | SDK Installer | SDK Binaries | Runtime Installer | Runtime Binaries | ASP.NET Core Runtime | Windows Desktop Runtime,Windows,https://versionsof.net/core/8.0/8.0.0/,14-10-2025
Table 1, | SDK Installer | SDK Binaries | Runtime Installer | Runtime Binaries | ASP.NET Core Runtime | Windows Desktop Runtime,macOS,https://versionsof.net/core/8.0/8.0.0/,14-10-2025
Table 1, | SDK Installer | SDK Binaries | Runtime Installer | Runtime Binaries | ASP.NET Core Runtime | Windows Desktop Runtime,Linux,https://versionsof.net/core/8.0/8.0.0/,14-10-2025
Table 2,Package name | Version,Microsoft.WindowsDesktop.App.Runtime.win-x86,https://versionsof.net/core/8.0/8.0.0/,14-10-2025
Table 2,Package name | Version,Microsoft.WindowsDesktop.App.Runtime.win-arm64,https://versionsof.net/core/8.0/8.0.0/,14-10-2025
Table 2,Package name | Version,Microsoft.WindowsDesktop.App.Ref,https://versionsof.net/core/8.0/8.0.0/,14-10-2025
Table 2,Package name | Version,Microsoft.WindowsDesktop.App.Runtime.win-x64,https://versionsof.net/core/8.0/8.0.0/,14-10-2025
Table 2,Package name | Version,Microsoft.Windows.Compatibility,https://versionsof.net/core/8.0/8.0.0/,14-10-2025
Table 2,Package name | Version,Microsoft.NET.Runtime.MonoTargets.Sdk.Msi.arm64,https://versionsof.net/core/8.0/8.0.0/,14-10-2025
Table 2,Package name | Version,Microsoft.NET.Runtime.WebAssembly.Sdk,https://versionsof.net/core/8.0/8.0.0/,14-10-2025
Table 2,Package name | Version,Microsoft.NETCore.App.Runtime.Mono.android-arm,https://versionsof.net/core/8.0/8.0.0/,14-10-2025
Table 2,Package name | Version,Microsoft.NET.ILLink.Tasks,https://versionsof.net/core/8.0/8.0.0/,14-10-2025
Table 2,Package name | Version,Microsoft.NET.Runtime.WebAssembly.Templates,https://versionsof.net/core/8.0/8.0.0/,14-10-2025
Table 2,Package name | Version,Microsoft.NET.Runtime.WebAssembly.Wasi.Sdk,https://versionsof.net/core/8.0/8.0.0/,14-10-2025
Table 2,Package name | Version,Microsoft.NET.Runtime.WebAssembly.Templates.Msi.arm64,https://versionsof.net/core/8.0/8.0.0/,14-10-2025
Table 2,Package name | Version,Microsoft.NET.Runtime.WebAssembly.Templates.Msi.x86,https://versionsof.net/core/8.0/8.0.0/,14-10-2025
Table 2,Package name | Version,Microsoft.NET.Workload.Mono.ToolChain.net7.Manifest-8.0.100.Msi.x64,https://versionsof.net/core/8.0/8.0.0/,14-10-2025
Table 2,Package name | Version,Microsoft.NETCore.App.Crossgen2.linux-arm,https://versionsof.net/core/8.0/8.0.0/,14-10-2025
Table 2,Package name | Version,Microsoft.NET.Workload.Mono.ToolChain.net7.Manifest-8.0.100.Msi.arm64,https://versionsof.net/core/8.0/8.0.0/,14-10-2025
Table 2,Package name | Version,Microsoft.NETCore.App.Crossgen2.win-x86,https://versionsof.net/core/8.0/8.0.0/,14-10-2025
Table 2,Package name | Version,Microsoft.NETCore.App.Host.osx-arm64,https://versionsof.net/core/8.0/8.0.0/,14-10-2025
Table 2,Package name | Version,Microsoft.NETCore.App.Runtime.AOT.linux-arm64.Cross.android-x64,https://versionsof.net/core/8.0/8.0.0/,14-10-2025
Table 2,Package name | Version,Microsoft.NETCore.App.Runtime.AOT.linux-arm64.Cross.android-x86,https://versionsof.net/core/8.0/8.0.0/,14-10-2025
Table 2,Package name | Version,Microsoft.NETCore.App.Runtime.AOT.linux-arm64.Cross.browser-wasm,https://versionsof.net/core/8.0/8.0.0/,14-10-2025
Table 2,Package name | Version,Microsoft.NETCore.App.Runtime.AOT.win-x64.Cross.android-arm.Msi.arm64,https://versionsof.net/core/8.0/8.0.0/,14-10-2025
Table 2,Package name | Version,Microsoft.NETCore.App.Runtime.linux-bionic-arm64,https://versionsof.net/core/8.0/8.0.0/,14-10-2025
Table 2,Package name | Version,Microsoft.NETCore.App.Runtime.linux-musl-x64,https://versionsof.net/core/8.0/8.0.0/,14-10-2025
Table 2,Package name | Version,Microsoft.NETCore.App.Runtime.linux-x64,https://versionsof.net/core/8.0/8.0.0/,14-10-2025
Table 2,Package name | Version,Microsoft.NETCore.App.Runtime.Mono.android-arm64,https://versionsof.net/core/8.0/8.0.0/,14-10-2025
Table 2,Package name | Version,Microsoft.NETCore.App.Runtime.Mono.ios-arm64,https://versionsof.net/core/8.0/8.0.0/,14-10-2025
Table 2,Package name | Version,Microsoft.NETCore.App.Runtime.Mono.iossimulator-x64.Msi.x86,https://versionsof.net/core/8.0/8.0.0/,14-10-2025
Table 2,Package name | Version,Microsoft.NETCore.App.Runtime.Mono.linux-arm64,https://versionsof.net/core/8.0/8.0.0/,14-10-2025
Table 2,Package name | Version,Microsoft.NETCore.App.Runtime.Mono.multithread.browser-wasm.Msi.x86,https://versionsof.net/core/8.0/8.0.0/,14-10-2025
Table 2,Package name | Version,Microsoft.NETCore.App.Runtime.Mono.tvossimulator-x64.Msi.x64,https://versionsof.net/core/8.0/8.0.0/,14-10-2025
Table 2,Package name | Version,Microsoft.NETCore.App.Runtime.Mono.tvossimulator-x64.Msi.x86,https://versionsof.net/core/8.0/8.0.0/,14-10-2025
Table 2,Package name | Version,Microsoft.NETCore.App.Runtime.Mono.wasi-wasm,https://versionsof.net/core/8.0/8.0.0/,14-10-2025
Table 2,Package name | Version,Microsoft.NETCore.App.Runtime.win-x86.Msi.x86,https://versionsof.net/core/8.0/8.0.0/,14-10-2025
Table 2,Package name | Version,Microsoft.NETCore.App.Runtime.win-x64.Msi.x64,https://versionsof.net/core/8.0/8.0.0/,14-10-2025
Table 2,Package name | Version,runtime.linux-musl-arm.Microsoft.NETCore.DotNetHost,https://versionsof.net/core/8.0/8.0.0/,14-10-2025
Table 2,Package name | Version,runtime.linux-musl-arm64.Microsoft.NETCore.DotNetHostPolicy,https://versionsof.net/core/8.0/8.0.0/,14-10-2025
Table 2,Package name | Version,runtime.linux-musl-arm64.Microsoft.NETCore.ILAsm,https://versionsof.net/core/8.0/8.0.0/,14-10-2025
Table 2,Package name | Version,runtime.linux-musl-arm64.Microsoft.NETCore.ILDAsm,https://versionsof.net/core/8.0/8.0.0/,14-10-2025
Table 2,Package name | Version,runtime.osx-arm64.Microsoft.NETCore.DotNetHost,https://versionsof.net/core/8.0/8.0.0/,14-10-2025
Table 2,Package name | Version,runtime.osx-arm64.Microsoft.NETCore.DotNetHostResolver,https://versionsof.net/core/8.0/8.0.0/,14-10-2025
Table 2,Package name | Version,runtime.win-x64.Microsoft.DotNet.ILCompiler,https://versionsof.net/core/8.0/8.0.0/,14-10-2025
Table 2,Package name | Version,runtime.win-arm64.Microsoft.NETCore.DotNetHost,https://versionsof.net/core/8.0/8.0.0/,14-10-2025
Table 2,Package name | Version,runtime.win-x64.Microsoft.NETCore.ILDAsm,https://versionsof.net/core/8.0/8.0.0/,14-10-2025
Table 2,Package name | Version,System.Threading.Channels,https://versionsof.net/core/8.0/8.0.0/,14-10-2025
Table 2,Package name | Version,System.Threading.RateLimiting,https://versionsof.net/core/8.0/8.0.0/,14-10-2025
Table 2,Package name | Version,Microsoft.Extensions.Configuration.FileExtensions,https://versionsof.net/core/8.0/8.0.0/,14-10-2025
Table 2,Package name | Version,Microsoft.NETCore.App.Host.linux-musl-arm,https://versionsof.net/core/8.0/8.0.0/,14-10-2025
Table 2,Package name | Version,Microsoft.Extensions.Configuration.EnvironmentVariables,https://versionsof.net/core/8.0/8.0.0/,14-10-2025
Table 2,Package name | Version,Microsoft.Bcl.AsyncInterfaces,https://versionsof.net/core/8.0/8.0.0/,14-10-2025
Table 2,Package name | Version,Microsoft.Bcl.Cryptography,https://versionsof.net/core/8.0/8.0.0/,14-10-2025
Table 2,Package name | Version,Microsoft.Bcl.Numerics,https://versionsof.net/core/8.0/8.0.0/,14-10-2025
Table 2,Package name | Version,Microsoft.Extensions.Configuration.Abstractions,https://versionsof.net/core/8.0/8.0.0/,14-10-2025
Table 2,Package name | Version,Microsoft.Extensions.Configuration.CommandLine,https://versionsof.net/core/8.0/8.0.0/,14-10-2025
Table 2,Package name | Version,Microsoft.Extensions.Configuration.Json,https://versionsof.net/core/8.0/8.0.0/,14-10-2025
Table 2,Package name | Version,Microsoft.Extensions.Configuration.UserSecrets,https://versionsof.net/core/8.0/8.0.0/,14-10-2025
Table 2,Package name | Version,Microsoft.Extensions.DependencyInjection,https://versionsof.net/core/8.0/8.0.0/,14-10-2025
Table 2,Package name | Version,Microsoft.Extensions.Configuration.Ini,https://versionsof.net/core/8.0/8.0.0/,14-10-2025
Table 2,Package name | Version,Microsoft.Extensions.Diagnostics.Abstractions,https://versionsof.net/core/8.0/8.0.0/,14-10-2025
Table 2,Package name | Version,Microsoft.Extensions.DependencyInjection.Specification.Tests,https://versionsof.net/core/8.0/8.0.0/,14-10-2025
Table 2,Package name | Version,Microsoft.Extensions.FileProviders.Physical,https://versionsof.net/core/8.0/8.0.0/,14-10-2025
Table 2,Package name | Version,Microsoft.Extensions.Diagnostics,https://versionsof.net/core/8.0/8.0.0/,14-10-2025
Table 2,Package name | Version,Microsoft.Extensions.Options.DataAnnotations,https://versionsof.net/core/8.0/8.0.0/,14-10-2025
Table 2,Package name | Version,Microsoft.Extensions.Primitives,https://versionsof.net/core/8.0/8.0.0/,14-10-2025
Table 2,Package name | Version,Microsoft.NET.Runtime.MonoAOTCompiler.Task.Msi.x86,https://versionsof.net/core/8.0/8.0.0/,14-10-2025
Table 2,Package name | Version,Microsoft.NET.Runtime.MonoAOTCompiler.Task.Msi.x64,https://versionsof.net/core/8.0/8.0.0/,14-10-2025
Table 2,Package name | Version,Microsoft.NET.Runtime.MonoTargets.Sdk.Msi.x86,https://versionsof.net/core/8.0/8.0.0/,14-10-2025
Table 2,Package name | Version,Microsoft.NET.Runtime.wasm.Sample.Mono,https://versionsof.net/core/8.0/8.0.0/,14-10-2025
Table 2,Package name | Version,Microsoft.NET.Workload.Mono.ToolChain.Current.Manifest-8.0.100.Msi.x64,https://versionsof.net/core/8.0/8.0.0/,14-10-2025
Table 2,Package name | Version,Microsoft.NET.WebAssembly.Threading,https://versionsof.net/core/8.0/8.0.0/,14-10-2025
Table 2,Package name | Version,Microsoft.NET.Workload.Mono.ToolChain.net6.Manifest-8.0.100.Msi.x64,https://versionsof.net/core/8.0/8.0.0/,14-10-2025
Table 2,Package name | Version,Microsoft.NET.Workload.Mono.ToolChain.Current.Manifest-8.0.100.Msi.arm64,https://versionsof.net/core/8.0/8.0.0/,14-10-2025
Table 2,Package name | Version,Microsoft.NET.Workload.Mono.ToolChain.net6.Manifest-8.0.100,https://versionsof.net/core/8.0/8.0.0/,14-10-2025
Table 2,Package name | Version,Microsoft.NETCore.App.Crossgen2.linux-musl-arm,https://versionsof.net/core/8.0/8.0.0/,14-10-2025
Table 2,Package name | Version,Microsoft.NETCore.App.Crossgen2.linux-arm64,https://versionsof.net/core/8.0/8.0.0/,14-10-2025
Table 2,Package name | Version,Microsoft.NETCore.App.Crossgen2.osx-x64,https://versionsof.net/core/8.0/8.0.0/,14-10-2025
Table 2,Package name | Version,Microsoft.NETCore.App.Runtime.AOT.linux-x64.Cross.android-arm,https://versionsof.net/core/8.0/8.0.0/,14-10-2025
Table 2,Package name | Version,Microsoft.NETCore.App.Runtime.AOT.osx-arm64.Cross.android-x86,https://versionsof.net/core/8.0/8.0.0/,14-10-2025
Table 2,Package name | Version,Microsoft.NETCore.App.Runtime.AOT.osx-arm64.Cross.iossimulator-arm64,https://versionsof.net/core/8.0/8.0.0/,14-10-2025
Table 2,Package name | Version,Microsoft.NETCore.App.Runtime.AOT.osx-arm64.Cross.maccatalyst-arm64,https://versionsof.net/core/8.0/8.0.0/,14-10-2025
Table 2,Package name | Version,Microsoft.NETCore.App.Runtime.AOT.osx-x64.Cross.android-arm,https://versionsof.net/core/8.0/8.0.0/,14-10-2025
Table 2,Package name | Version,Microsoft.NETCore.App.Runtime.AOT.osx-x64.Cross.maccatalyst-arm64,https://versionsof.net/core/8.0/8.0.0/,14-10-2025
Table 2,Package name | Version,Microsoft.NETCore.App.Runtime.AOT.osx-x64.Cross.tvossimulator-x64,https://versionsof.net/core/8.0/8.0.0/,14-10-2025
Table 2,Package name | Version,Microsoft.NETCore.App.Runtime.AOT.win-x64.Cross.android-arm,https://versionsof.net/core/8.0/8.0.0/,14-10-2025
Table 2,Package name | Version,Microsoft.NETCore.App.Runtime.AOT.win-x64.Cross.android-arm.Msi.x64,https://versionsof.net/core/8.0/8.0.0/,14-10-2025
Table 2,Package name | Version,Microsoft.NETCore.App.Runtime.AOT.win-x64.Cross.android-x64,https://versionsof.net/core/8.0/8.0.0/,14-10-2025
Table 2,Package name | Version,Microsoft.NETCore.App.Runtime.AOT.win-x64.Cross.android-x64.Msi.arm64,https://versionsof.net/core/8.0/8.0.0/,14-10-2025
Table 2,Package name | Version,Microsoft.NETCore.App.Runtime.AOT.win-x64.Cross.android-x64.Msi.x64,https://versionsof.net/core/8.0/8.0.0/,14-10-2025
Table 2,Package name | Version,Microsoft.NETCore.App.Runtime.Mono.android-arm.Msi.x86,https://versionsof.net/core/8.0/8.0.0/,14-10-2025
Table 2,Package name | Version,Microsoft.NETCore.App.Runtime.Mono.android-arm64.Msi.x64,https://versionsof.net/core/8.0/8.0.0/,14-10-2025
Table 2,Package name | Version,Microsoft.NETCore.App.Runtime.Mono.android-arm64.Msi.x86,https://versionsof.net/core/8.0/8.0.0/,14-10-2025
Table 2,Package name | Version,Microsoft.NETCore.App.Runtime.Mono.android-x64,https://versionsof.net/core/8.0/8.0.0/,14-10-2025
Table 2,Package name | Version,Microsoft.NETCore.App.Runtime.Mono.android-x86.Msi.x86,https://versionsof.net/core/8.0/8.0.0/,14-10-2025
Table 2,Package name | Version,Microsoft.NETCore.App.Runtime.Mono.android-x86,https://versionsof.net/core/8.0/8.0.0/,14-10-2025
Table 2,Package name | Version,Microsoft.NETCore.App.Runtime.Mono.android-x86.Msi.x64,https://versionsof.net/core/8.0/8.0.0/,14-10-2025
Table 2,Package name | Version,Microsoft.NETCore.App.Runtime.Mono.ios-arm64.Msi.x86,https://versionsof.net/core/8.0/8.0.0/,14-10-2025
Table 2,Package name | Version,Microsoft.NETCore.App.Runtime.Mono.maccatalyst-arm64.Msi.arm64,https://versionsof.net/core/8.0/8.0.0/,14-10-2025
Table 2,Package name | Version,Microsoft.NETCore.App.Runtime.Mono.tvossimulator-x64.Msi.arm64,https://versionsof.net/core/8.0/8.0.0/,14-10-2025
Table 2,Package name | Version,Microsoft.NETCore.App.Runtime.NativeAOT.linux-bionic-arm64,https://versionsof.net/core/8.0/8.0.0/,14-10-2025
Table 2,Package name | Version,runtime.linux-x64.Microsoft.DotNet.ILCompiler,https://versionsof.net/core/8.0/8.0.0/,14-10-2025
Table 2,Package name | Version,runtime.linux-musl-arm64.Microsoft.NETCore.DotNetHostResolver,https://versionsof.net/core/8.0/8.0.0/,14-10-2025
Table 2,Package name | Version,runtime.linux-musl-x64.Microsoft.NETCore.DotNetHost,https://versionsof.net/core/8.0/8.0.0/,14-10-2025
Table 2,Package name | Version,runtime.linux-musl-x64.Microsoft.NETCore.ILAsm,https://versionsof.net/core/8.0/8.0.0/,14-10-2025
Table 2,Package name | Version,runtime.linux-musl-x64.Microsoft.NETCore.ILDAsm,https://versionsof.net/core/8.0/8.0.0/,14-10-2025
Table 2,Package name | Version,dotnet-ilverify,https://versionsof.net/core/8.0/8.0.0/,14-10-2025
Table 2,Package name | Version,Microsoft.Extensions.DependencyInjection.Abstractions,https://versionsof.net/core/8.0/8.0.0/,14-10-2025
Table 2,Package name | Version,Microsoft.Extensions.Logging.TraceSource,https://versionsof.net/core/8.0/8.0.0/,14-10-2025
Table 2,Package name | Version,Microsoft.Extensions.Options,https://versionsof.net/core/8.0/8.0.0/,14-10-2025
Table 2,Package name | Version,Microsoft.NETCore.App.Crossgen2.win-x64,https://versionsof.net/core/8.0/8.0.0/,14-10-2025
Table 2,Package name | Version,Microsoft.NETCore.App.Host.linux-musl-x64,https://versionsof.net/core/8.0/8.0.0/,14-10-2025
Table 2,Package name | Version,Microsoft.NETCore.App.Host.linux-x64,https://versionsof.net/core/8.0/8.0.0/,14-10-2025
Table 2,Package name | Version,Microsoft.NETCore.App.Host.osx-x64,https://versionsof.net/core/8.0/8.0.0/,14-10-2025
Table 2,Package name | Version,Microsoft.NETCore.App.Host.linux-bionic-x64,https://versionsof.net/core/8.0/8.0.0/,14-10-2025
Table 2,Package name | Version,Microsoft.NETCore.App.Host.linux-musl-arm64,https://versionsof.net/core/8.0/8.0.0/,14-10-2025
Table 2,Package name | Version,Microsoft.NETCore.App.Ref,https://versionsof.net/core/8.0/8.0.0/,14-10-2025
Table 2,Package name | Version,Microsoft.NETCore.App.Runtime.AOT.linux-x64.Cross.android-x86,https://versionsof.net/core/8.0/8.0.0/,14-10-2025
Table 2,Package name | Version,Microsoft.NETCore.App.Runtime.AOT.linux-x64.Cross.android-arm64,https://versionsof.net/core/8.0/8.0.0/,14-10-2025
Table 2,Package name | Version,Microsoft.NETCore.App.Runtime.AOT.osx-arm64.Cross.android-arm64,https://versionsof.net/core/8.0/8.0.0/,14-10-2025
Table 2,Package name | Version,Microsoft.NETCore.App.Runtime.AOT.osx-arm64.Cross.android-arm,https://versionsof.net/core/8.0/8.0.0/,14-10-2025
Table 2,Package name | Version,Microsoft.NETCore.App.Runtime.AOT.osx-arm64.Cross.ios-arm64,https://versionsof.net/core/8.0/8.0.0/,14-10-2025
Table 2,Package name | Version,Microsoft.NETCore.App.Runtime.AOT.osx-x64.Cross.android-x86,https://versionsof.net/core/8.0/8.0.0/,14-10-2025
Table 2,Package name | Version,Microsoft.NETCore.App.Runtime.AOT.osx-x64.Cross.iossimulator-x64,https://versionsof.net/core/8.0/8.0.0/,14-10-2025
Table 2,Package name | Version,Microsoft.NETCore.App.Runtime.AOT.osx-x64.Cross.iossimulator-arm64,https://versionsof.net/core/8.0/8.0.0/,14-10-2025
Table 2,Package name | Version,Microsoft.NETCore.App.Runtime.AOT.osx-x64.Cross.tvossimulator-arm64,https://versionsof.net/core/8.0/8.0.0/,14-10-2025
Table 2,Package name | Version,Microsoft.NETCore.App.Runtime.Mono.android-arm.Msi.arm64,https://versionsof.net/core/8.0/8.0.0/,14-10-2025
Table 2,Package name | Version,Microsoft.NETCore.App.Runtime.Mono.android-arm.Msi.x64,https://versionsof.net/core/8.0/8.0.0/,14-10-2025
Table 2,Package name | Version,Microsoft.NETCore.App.Runtime.Mono.android-x64.Msi.arm64,https://versionsof.net/core/8.0/8.0.0/,14-10-2025
Table 2,Package name | Version,Microsoft.NETCore.App.Runtime.Mono.android-x86.Msi.arm64,https://versionsof.net/core/8.0/8.0.0/,14-10-2025
Table 2,Package name | Version,Microsoft.NETCore.App.Runtime.Mono.browser-wasm.Msi.arm64,https://versionsof.net/core/8.0/8.0.0/,14-10-2025
Table 2,Package name | Version,Microsoft.NETCore.App.Runtime.Mono.linux-musl-x64,https://versionsof.net/core/8.0/8.0.0/,14-10-2025
Table 2,Package name | Version,Microsoft.NETCore.App.Runtime.Mono.LLVM.AOT.linux-arm64,https://versionsof.net/core/8.0/8.0.0/,14-10-2025
Table 2,Package name | Version,Microsoft.NETCore.App.Runtime.Mono.linux-x64,https://versionsof.net/core/8.0/8.0.0/,14-10-2025
Table 2,Package name | Version,Microsoft.NETCore.App.Runtime.Mono.maccatalyst-x64.Msi.arm64,https://versionsof.net/core/8.0/8.0.0/,14-10-2025
Table 2,Package name | Version,Microsoft.NETCore.App.Runtime.Mono.maccatalyst-x64.Msi.x86,https://versionsof.net/core/8.0/8.0.0/,14-10-2025
Table 2,Package name | Version,Microsoft.NETCore.App.Runtime.Mono.wasi-wasm.Msi.x86,https://versionsof.net/core/8.0/8.0.0/,14-10-2025
Table 2,Package name | Version,Microsoft.NETCore.App.Runtime.NativeAOT.iossimulator-arm64,https://versionsof.net/core/8.0/8.0.0/,14-10-2025
Table 2,Package name | Version,Microsoft.NETCore.App.Runtime.NativeAOT.tvossimulator-x64,https://versionsof.net/core/8.0/8.0.0/,14-10-2025
Table 2,Package name | Version,Microsoft.NETCore.App.Runtime.win-arm64,https://versionsof.net/core/8.0/8.0.0/,14-10-2025
Table 2,Package name | Version,Microsoft.NETCore.App.Runtime.win-x64,https://versionsof.net/core/8.0/8.0.0/,14-10-2025
Table 2,Package name | Version,Microsoft.NETCore.App.Runtime.win-x64.Msi.x86,https://versionsof.net/core/8.0/8.0.0/,14-10-2025
Table 2,Package name | Version,Microsoft.NETCore.App.Runtime.win-x86.Msi.arm64,https://versionsof.net/core/8.0/8.0.0/,14-10-2025
Table 2,Package name | Version,runtime.linux-arm64.Microsoft.DotNet.ILCompiler,https://versionsof.net/core/8.0/8.0.0/,14-10-2025
Table 2,Package name | Version,Microsoft.Win32.SystemEvents,https://versionsof.net/core/8.0/8.0.0/,14-10-2025
Table 2,Package name | Version,runtime.linux-arm.Microsoft.NETCore.DotNetAppHost,https://versionsof.net/core/8.0/8.0.0/,14-10-2025
Table 2,Package name | Version,runtime.linux-arm.Microsoft.NETCore.ILDAsm,https://versionsof.net/core/8.0/8.0.0/,14-10-2025
Table 2,Package name | Version,runtime.linux-arm64.Microsoft.NETCore.ILAsm,https://versionsof.net/core/8.0/8.0.0/,14-10-2025
Table 2,Package name | Version,runtime.linux-bionic-arm64.Microsoft.NETCore.DotNetAppHost,https://versionsof.net/core/8.0/8.0.0/,14-10-2025
Table 2,Package name | Version,runtime.linux-bionic-x64.Microsoft.NETCore.DotNetAppHost,https://versionsof.net/core/8.0/8.0.0/,14-10-2025
Table 2,Package name | Version,runtime.linux-bionic-arm64.Microsoft.NETCore.DotNetHostResolver,https://versionsof.net/core/8.0/8.0.0/,14-10-2025
Table 2,Package name | Version,runtime.linux-bionic-x64.Microsoft.NETCore.DotNetHostPolicy,https://versionsof.net/core/8.0/8.0.0/,14-10-2025
Table 2,Package name | Version,runtime.linux-bionic-x64.Microsoft.NETCore.DotNetHost,https://versionsof.net/core/8.0/8.0.0/,14-10-2025
Table 2,Package name | Version,runtime.win-x64.Microsoft.NETCore.DotNetHost,https://versionsof.net/core/8.0/8.0.0/,14-10-2025
Table 2,Package name | Version,System.DirectoryServices.AccountManagement,https://versionsof.net/core/8.0/8.0.0/,14-10-2025
Table 2,Package name | Version,System.DirectoryServices,https://versionsof.net/core/8.0/8.0.0/,14-10-2025
Table 2,Package name | Version,System.IO.Hashing,https://versionsof.net/core/8.0/8.0.0/,14-10-2025
Table 2,Package name | Version,System.DirectoryServices.Protocols,https://versionsof.net/core/8.0/8.0.0/,14-10-2025
Table 2,Package name | Version,System.IO.Packaging,https://versionsof.net/core/8.0/8.0.0/,14-10-2025
Table 2,Package name | Version,System.Reflection.MetadataLoadContext,https://versionsof.net/core/8.0/8.0.0/,14-10-2025
Table 2,Package name | Version,System.Management,https://versionsof.net/core/8.0/8.0.0/,14-10-2025
Table 2,Package name | Version,System.Memory.Data,https://versionsof.net/core/8.0/8.0.0/,14-10-2025
Table 2,Package name | Version,Microsoft.Bcl.TimeProvider,https://versionsof.net/core/8.0/8.0.0/,14-10-2025
Table 2,Package name | Version,Microsoft.DotNet.ILCompiler,https://versionsof.net/core/8.0/8.0.0/,14-10-2025
Table 2,Package name | Version,Microsoft.Extensions.Caching.Abstractions,https://versionsof.net/core/8.0/8.0.0/,14-10-2025
Table 2,Package name | Version,Microsoft.Extensions.Caching.Memory,https://versionsof.net/core/8.0/8.0.0/,14-10-2025
Table 2,Package name | Version,Microsoft.Extensions.Configuration.Binder,https://versionsof.net/core/8.0/8.0.0/,14-10-2025
Table 2,Package name | Version,Microsoft.Extensions.Configuration,https://versionsof.net/core/8.0/8.0.0/,14-10-2025
Table 2,Package name | Version,Microsoft.Extensions.Logging,https://versionsof.net/core/8.0/8.0.0/,14-10-2025
Table 2,Package name | Version,Microsoft.Extensions.Hosting.Abstractions,https://versionsof.net/core/8.0/8.0.0/,14-10-2025
Table 2,Package name | Version,Microsoft.Extensions.Logging.Configuration,https://versionsof.net/core/8.0/8.0.0/,14-10-2025
Table 2,Package name | Version,Microsoft.Extensions.Logging.Abstractions,https://versionsof.net/core/8.0/8.0.0/,14-10-2025
Table 2,Package name | Version,Microsoft.Extensions.Logging.Debug,https://versionsof.net/core/8.0/8.0.0/,14-10-2025
Table 2,Package name | Version,Microsoft.Extensions.Logging.EventSource,https://versionsof.net/core/8.0/8.0.0/,14-10-2025
Table 2,Package name | Version,Microsoft.Extensions.Logging.EventLog,https://versionsof.net/core/8.0/8.0.0/,14-10-2025
Table 2,Package name | Version,Microsoft.Extensions.Options.ConfigurationExtensions,https://versionsof.net/core/8.0/8.0.0/,14-10-2025
Table 2,Package name | Version,Microsoft.NET.Runtime.MonoAOTCompiler.Task.Msi.arm64,https://versionsof.net/core/8.0/8.0.0/,14-10-2025
Table 2,Package name | Version,Microsoft.NET.Runtime.MonoTargets.Sdk,https://versionsof.net/core/8.0/8.0.0/,14-10-2025
Table 2,Package name | Version,Microsoft.NET.Runtime.MonoTargets.Sdk.Msi.x64,https://versionsof.net/core/8.0/8.0.0/,14-10-2025
Table 2,Package name | Version,Microsoft.NET.Sdk.WebAssembly.Pack,https://versionsof.net/core/8.0/8.0.0/,14-10-2025
Table 2,Package name | Version,Microsoft.NET.Runtime.WebAssembly.Wasi.Sdk.Msi.arm64,https://versionsof.net/core/8.0/8.0.0/,14-10-2025
Table 2,Package name | Version,Microsoft.NET.Workload.Mono.ToolChain.net7.Manifest-8.0.100,https://versionsof.net/core/8.0/8.0.0/,14-10-2025
Table 2,Package name | Version,Microsoft.NETCore.App.Crossgen2.linux-x64,https://versionsof.net/core/8.0/8.0.0/,14-10-2025
Table 2,Package name | Version,Microsoft.NETCore.App.Host.linux-arm,https://versionsof.net/core/8.0/8.0.0/,14-10-2025
Table 2,Package name | Version,Microsoft.NETCore.App.Runtime.AOT.linux-x64.Cross.android-x64,https://versionsof.net/core/8.0/8.0.0/,14-10-2025
Table 2,Package name | Version,Microsoft.NETCore.App.Runtime.AOT.osx-arm64.Cross.browser-wasm,https://versionsof.net/core/8.0/8.0.0/,14-10-2025
Table 2,Package name | Version,Microsoft.NETCore.App.Runtime.AOT.osx-arm64.Cross.tvossimulator-arm64,https://versionsof.net/core/8.0/8.0.0/,14-10-2025
Table 2,Package name | Version,Microsoft.NETCore.App.Runtime.AOT.win-x64.Cross.browser-wasm,https://versionsof.net/core/8.0/8.0.0/,14-10-2025
Table 2,Package name | Version,Microsoft.NETCore.App.Runtime.AOT.win-x64.Cross.browser-wasm.Msi.arm64,https://versionsof.net/core/8.0/8.0.0/,14-10-2025
Table 2,Package name | Version,Microsoft.NETCore.App.Runtime.AOT.win-x64.Cross.browser-wasm.Msi.x64,https://versionsof.net/core/8.0/8.0.0/,14-10-2025
Table 2,Package name | Version,Microsoft.NETCore.App.Runtime.Mono.android-x64.Msi.x86,https://versionsof.net/core/8.0/8.0.0/,14-10-2025
Table 2,Package name | Version,Microsoft.NETCore.App.Runtime.Mono.LLVM.AOT.linux-x64,https://versionsof.net/core/8.0/8.0.0/,14-10-2025
Table 2,Package name | Version,Microsoft.NETCore.App.Runtime.Mono.LLVM.AOT.osx-x64,https://versionsof.net/core/8.0/8.0.0/,14-10-2025
Table 2,Package name | Version,Microsoft.NETCore.App.Runtime.Mono.osx-arm64,https://versionsof.net/core/8.0/8.0.0/,14-10-2025
Table 2,Package name | Version,Microsoft.NETCore.App.Runtime.Mono.tvossimulator-arm64,https://versionsof.net/core/8.0/8.0.0/,14-10-2025
Table 2,Package name | Version,Microsoft.NETCore.App.Runtime.Mono.tvossimulator-arm64.Msi.arm64,https://versionsof.net/core/8.0/8.0.0/,14-10-2025
Table 2,Package name | Version,Microsoft.NETCore.App.Runtime.Mono.tvossimulator-arm64.Msi.x64,https://versionsof.net/core/8.0/8.0.0/,14-10-2025
Table 2,Package name | Version,Microsoft.NETCore.App.Runtime.Mono.wasi-wasm.Msi.x64,https://versionsof.net/core/8.0/8.0.0/,14-10-2025
Table 2,Package name | Version,Microsoft.NETCore.App.Runtime.NativeAOT.maccatalyst-arm64,https://versionsof.net/core/8.0/8.0.0/,14-10-2025
Table 2,Package name | Version,Microsoft.NETCore.App.Runtime.NativeAOT.tvos-arm64,https://versionsof.net/core/8.0/8.0.0/,14-10-2025
Table 2,Package name | Version,runtime.linux-musl-arm.Microsoft.NETCore.ILAsm,https://versionsof.net/core/8.0/8.0.0/,14-10-2025
Table 2,Package name | Version,runtime.linux-musl-x64.Microsoft.DotNet.ILCompiler,https://versionsof.net/core/8.0/8.0.0/,14-10-2025
Table 2,Package name | Version,runtime.linux-musl-arm64.Microsoft.NETCore.DotNetHost,https://versionsof.net/core/8.0/8.0.0/,14-10-2025
Table 2,Package name | Version,runtime.osx-x64.Microsoft.NETCore.DotNetHostPolicy,https://versionsof.net/core/8.0/8.0.0/,14-10-2025
Table 2,Package name | Version,runtime.osx-arm64.Microsoft.DotNet.ILCompiler,https://versionsof.net/core/8.0/8.0.0/,14-10-2025
Table 2,Package name | Version,runtime.linux-x64.Microsoft.NETCore.DotNetHost,https://versionsof.net/core/8.0/8.0.0/,14-10-2025
Table 2,Package name | Version,runtime.osx-arm64.Microsoft.NETCore.DotNetHostPolicy,https://versionsof.net/core/8.0/8.0.0/,14-10-2025
Table 2,Package name | Version,runtime.osx-x64.Microsoft.NETCore.DotNetAppHost,https://versionsof.net/core/8.0/8.0.0/,14-10-2025
Table 2,Package name | Version,runtime.osx-arm64.Microsoft.NETCore.ILAsm,https://versionsof.net/core/8.0/8.0.0/,14-10-2025
Table 2,Package name | Version,runtime.osx-arm64.runtime.native.System.IO.Ports,https://versionsof.net/core/8.0/8.0.0/,14-10-2025
Table 2,Package name | Version,runtime.osx-x64.Microsoft.NETCore.DotNetHostResolver,https://versionsof.net/core/8.0/8.0.0/,14-10-2025
Table 2,Package name | Version,runtime.osx-x64.runtime.native.System.IO.Ports,https://versionsof.net/core/8.0/8.0.0/,14-10-2025
Table 2,Package name | Version,runtime.win-arm64.Microsoft.NETCore.DotNetAppHost,https://versionsof.net/core/8.0/8.0.0/,14-10-2025
Table 2,Package name | Version,runtime.win-x86.Microsoft.NETCore.ILAsm,https://versionsof.net/core/8.0/8.0.0/,14-10-2025
Table 2,Package name | Version,runtime.win-x86.Microsoft.NETCore.DotNetHost,https://versionsof.net/core/8.0/8.0.0/,14-10-2025
Table 2,Package name | Version,runtime.win-x86.Microsoft.NETCore.DotNetHostPolicy,https://versionsof.net/core/8.0/8.0.0/,14-10-2025
Table 2,Package name | Version,System.Configuration.ConfigurationManager,https://versionsof.net/core/8.0/8.0.0/,14-10-2025
Table 2,Package name | Version,runtime.win-x86.Microsoft.NETCore.ILDAsm,https://versionsof.net/core/8.0/8.0.0/,14-10-2025
Table 2,Package name | Version,System.CodeDom,https://versionsof.net/core/8.0/8.0.0/,14-10-2025
Table 2,Package name | Version,System.ComponentModel.Composition,https://versionsof.net/core/8.0/8.0.0/,14-10-2025
Table 2,Package name | Version,System.Collections.Immutable,https://versionsof.net/core/8.0/8.0.0/,14-10-2025
Table 2,Package name | Version,System.ComponentModel.Composition.Registration,https://versionsof.net/core/8.0/8.0.0/,14-10-2025
Table 2,Package name | Version,System.Composition,https://versionsof.net/core/8.0/8.0.0/,14-10-2025
Table 2,Package name | Version,System.Diagnostics.EventLog,https://versionsof.net/core/8.0/8.0.0/,14-10-2025
Table 2,Package name | Version,System.Composition.AttributedModel,https://versionsof.net/core/8.0/8.0.0/,14-10-2025
Table 2,Package name | Version,System.Composition.Convention,https://versionsof.net/core/8.0/8.0.0/,14-10-2025
Table 2,Package name | Version,System.Data.OleDb,https://versionsof.net/core/8.0/8.0.0/,14-10-2025
Table 2,Package name | Version,System.Data.Odbc,https://versionsof.net/core/8.0/8.0.0/,14-10-2025
Table 2,Package name | Version,System.Diagnostics.DiagnosticSource,https://versionsof.net/core/8.0/8.0.0/,14-10-2025
Table 2,Package name | Version,System.Diagnostics.PerformanceCounter,https://versionsof.net/core/8.0/8.0.0/,14-10-2025
Table 2,Package name | Version,System.IO.Pipelines,https://versionsof.net/core/8.0/8.0.0/,14-10-2025
Table 2,Package name | Version,System.Security.Cryptography.Pkcs,https://versionsof.net/core/8.0/8.0.0/,14-10-2025
Table 2,Package name | Version,System.Runtime.Serialization.Schema,https://versionsof.net/core/8.0/8.0.0/,14-10-2025
Table 2,Package name | Version,System.Security.Cryptography.Cose,https://versionsof.net/core/8.0/8.0.0/,14-10-2025
Table 2,Package name | Version,System.Speech,https://versionsof.net/core/8.0/8.0.0/,14-10-2025
Table 2,Package name | Version,System.Text.Json,https://versionsof.net/core/8.0/8.0.0/,14-10-2025
Table 2,Package name | Version,System.Threading.AccessControl,https://versionsof.net/core/8.0/8.0.0/,14-10-2025
Table 2,Package name | Version,System.Windows.Extensions,https://versionsof.net/core/8.0/8.0.0/,14-10-2025
Table 2,Package name | Version,Microsoft.Extensions.Hosting,https://versionsof.net/core/8.0/8.0.0/,14-10-2025
Table 2,Package name | Version,Microsoft.Extensions.FileSystemGlobbing,https://versionsof.net/core/8.0/8.0.0/,14-10-2025
Table 2,Package name | Version,Microsoft.Extensions.FileProviders.Abstractions,https://versionsof.net/core/8.0/8.0.0/,14-10-2025
Table 2,Package name | Version,Microsoft.Extensions.FileProviders.Composite,https://versionsof.net/core/8.0/8.0.0/,14-10-2025
Table 2,Package name | Version,Microsoft.Extensions.Hosting.Systemd,https://versionsof.net/core/8.0/8.0.0/,14-10-2025
Table 2,Package name | Version,Microsoft.Extensions.Logging.Console,https://versionsof.net/core/8.0/8.0.0/,14-10-2025
Table 2,Package name | Version,Microsoft.Extensions.Hosting.WindowsServices,https://versionsof.net/core/8.0/8.0.0/,14-10-2025
Table 2,Package name | Version,Microsoft.Extensions.Http,https://versionsof.net/core/8.0/8.0.0/,14-10-2025
Table 2,Package name | Version,Microsoft.NET.Runtime.MonoAOTCompiler.Task,https://versionsof.net/core/8.0/8.0.0/,14-10-2025
Table 2,Package name | Version,Microsoft.NET.Runtime.LibraryBuilder.Sdk,https://versionsof.net/core/8.0/8.0.0/,14-10-2025
Table 2,Package name | Version,Microsoft.NET.Runtime.iOS.Sample.Mono,https://versionsof.net/core/8.0/8.0.0/,14-10-2025
Table 2,Package name | Version,Microsoft.NET.Runtime.WebAssembly.Templates.Msi.x64,https://versionsof.net/core/8.0/8.0.0/,14-10-2025
Table 2,Package name | Version,Microsoft.NET.Runtime.WebAssembly.Wasi.Sdk.Msi.x64,https://versionsof.net/core/8.0/8.0.0/,14-10-2025
Table 2,Package name | Version,Microsoft.NET.Runtime.WebAssembly.Wasi.Sdk.Msi.x86,https://versionsof.net/core/8.0/8.0.0/,14-10-2025
Table 2,Package name | Version,Microsoft.NET.Workload.Mono.ToolChain.Current.Manifest-8.0.100,https://versionsof.net/core/8.0/8.0.0/,14-10-2025
Table 2,Package name | Version,Microsoft.NET.Sdk.IL,https://versionsof.net/core/8.0/8.0.0/,14-10-2025
Table 2,Package name | Version,Microsoft.NETCore.App.Crossgen2.osx-arm64,https://versionsof.net/core/8.0/8.0.0/,14-10-2025
Table 2,Package name | Version,Microsoft.NETCore.App.Host.linux-arm64,https://versionsof.net/core/8.0/8.0.0/,14-10-2025
Table 2,Package name | Version,Microsoft.NETCore.App.Crossgen2.win-arm64,https://versionsof.net/core/8.0/8.0.0/,14-10-2025
Table 2,Package name | Version,Microsoft.NETCore.App.Host.linux-bionic-arm64,https://versionsof.net/core/8.0/8.0.0/,14-10-2025
Table 2,Package name | Version,Microsoft.NETCore.App.Host.win-x64,https://versionsof.net/core/8.0/8.0.0/,14-10-2025
Table 2,Package name | Version,Microsoft.NETCore.App.Runtime.AOT.linux-arm64.Cross.android-arm,https://versionsof.net/core/8.0/8.0.0/,14-10-2025
Table 2,Package name | Version,Microsoft.NETCore.App.Runtime.AOT.linux-x64.Cross.browser-wasm,https://versionsof.net/core/8.0/8.0.0/,14-10-2025
Table 2,Package name | Version,Microsoft.NETCore.App.Runtime.AOT.osx-arm64.Cross.android-x64,https://versionsof.net/core/8.0/8.0.0/,14-10-2025
Table 2,Package name | Version,Microsoft.NETCore.App.Runtime.AOT.osx-x64.Cross.maccatalyst-x64,https://versionsof.net/core/8.0/8.0.0/,14-10-2025
Table 2,Package name | Version,Microsoft.NETCore.App.Runtime.AOT.win-x64.Cross.android-arm64,https://versionsof.net/core/8.0/8.0.0/,14-10-2025
Table 2,Package name | Version,Microsoft.NETCore.App.Runtime.AOT.win-x64.Cross.android-arm64.Msi.arm64,https://versionsof.net/core/8.0/8.0.0/,14-10-2025
Table 2,Package name | Version,Microsoft.NETCore.App.Runtime.AOT.win-x64.Cross.android-arm64.Msi.x64,https://versionsof.net/core/8.0/8.0.0/,14-10-2025
Table 2,Package name | Version,Microsoft.NETCore.App.Runtime.linux-arm64,https://versionsof.net/core/8.0/8.0.0/,14-10-2025
Table 2,Package name | Version,Microsoft.NETCore.App.Runtime.AOT.win-x64.Cross.android-x86.Msi.arm64,https://versionsof.net/core/8.0/8.0.0/,14-10-2025
Table 2,Package name | Version,Microsoft.NETCore.App.Runtime.linux-musl-arm,https://versionsof.net/core/8.0/8.0.0/,14-10-2025
Table 2,Package name | Version,Microsoft.NETCore.App.Runtime.linux-musl-arm64,https://versionsof.net/core/8.0/8.0.0/,14-10-2025
Table 2,Package name | Version,Microsoft.NETCore.App.Runtime.Mono.browser-wasm,https://versionsof.net/core/8.0/8.0.0/,14-10-2025
Table 2,Package name | Version,Microsoft.NETCore.App.Runtime.Mono.ios-arm64.Msi.x64,https://versionsof.net/core/8.0/8.0.0/,14-10-2025
Table 2,Package name | Version,Microsoft.NETCore.App.Runtime.Mono.iossimulator-arm64.Msi.x86,https://versionsof.net/core/8.0/8.0.0/,14-10-2025
Table 2,Package name | Version,Microsoft.NETCore.App.Runtime.Mono.iossimulator-x64.Msi.x64,https://versionsof.net/core/8.0/8.0.0/,14-10-2025
Table 2,Package name | Version,Microsoft.NETCore.App.Runtime.Mono.multithread.browser-wasm,https://versionsof.net/core/8.0/8.0.0/,14-10-2025
Table 2,Package name | Version,Microsoft.NETCore.App.Runtime.Mono.tvos-arm64,https://versionsof.net/core/8.0/8.0.0/,14-10-2025
Table 2,Package name | Version,Microsoft.NETCore.App.Runtime.Mono.tvos-arm64.Msi.x86,https://versionsof.net/core/8.0/8.0.0/,14-10-2025
Table 2,Package name | Version,Microsoft.NETCore.App.Runtime.Mono.tvossimulator-x64,https://versionsof.net/core/8.0/8.0.0/,14-10-2025
Table 2,Package name | Version,Microsoft.NETCore.App.Runtime.osx-x64,https://versionsof.net/core/8.0/8.0.0/,14-10-2025
Table 2,Package name | Version,Microsoft.NETCore.App.Runtime.osx-arm64,https://versionsof.net/core/8.0/8.0.0/,14-10-2025
Table 2,Package name | Version,Microsoft.NETCore.App.Runtime.win-arm64.Msi.arm64,https://versionsof.net/core/8.0/8.0.0/,14-10-2025
Table 2,Package name | Version,Microsoft.NETCore.App.Runtime.win-arm64.Msi.x86,https://versionsof.net/core/8.0/8.0.0/,14-10-2025
Table 2,Package name | Version,Microsoft.NETCore.App.Runtime.win-x86.Msi.x64,https://versionsof.net/core/8.0/8.0.0/,14-10-2025
Table 2,Package name | Version,runtime.linux-musl-arm.Microsoft.NETCore.DotNetHostPolicy,https://versionsof.net/core/8.0/8.0.0/,14-10-2025
Table 2,Package name | Version,Microsoft.NETCore.DotNetAppHost,https://versionsof.net/core/8.0/8.0.0/,14-10-2025
Table 2,Package name | Version,Microsoft.NETCore.DotNetHost,https://versionsof.net/core/8.0/8.0.0/,14-10-2025
Table 2,Package name | Version,Microsoft.NETCore.DotNetHostPolicy,https://versionsof.net/core/8.0/8.0.0/,14-10-2025
Table 2,Package name | Version,Microsoft.NETCore.DotNetHostResolver,https://versionsof.net/core/8.0/8.0.0/,14-10-2025
Table 2,Package name | Version,Microsoft.XmlSerializer.Generator,https://versionsof.net/core/8.0/8.0.0/,14-10-2025
Table 2,Package name | Version,Microsoft.NETCore.ILAsm,https://versionsof.net/core/8.0/8.0.0/,14-10-2025
Table 2,Package name | Version,Microsoft.NETCore.ILDAsm,https://versionsof.net/core/8.0/8.0.0/,14-10-2025
Table 2,Package name | Version,Microsoft.Win32.Registry.AccessControl,https://versionsof.net/core/8.0/8.0.0/,14-10-2025
Table 2,Package name | Version,runtime.linux-arm.Microsoft.NETCore.DotNetHost,https://versionsof.net/core/8.0/8.0.0/,14-10-2025
Table 2,Package name | Version,runtime.linux-arm.Microsoft.NETCore.DotNetHostPolicy,https://versionsof.net/core/8.0/8.0.0/,14-10-2025
Table 2,Package name | Version,runtime.linux-arm.Microsoft.NETCore.DotNetHostResolver,https://versionsof.net/core/8.0/8.0.0/,14-10-2025
Table 2,Package name | Version,runtime.linux-arm.Microsoft.NETCore.ILAsm,https://versionsof.net/core/8.0/8.0.0/,14-10-2025
Table 2,Package name | Version,runtime.linux-arm64.Microsoft.NETCore.DotNetHost,https://versionsof.net/core/8.0/8.0.0/,14-10-2025
Table 2,Package name | Version,runtime.linux-arm64.Microsoft.NETCore.DotNetHostPolicy,https://versionsof.net/core/8.0/8.0.0/,14-10-2025
Table 2,Package name | Version,runtime.linux-arm64.Microsoft.NETCore.ILDAsm,https://versionsof.net/core/8.0/8.0.0/,14-10-2025
Table 2,Package name | Version,runtime.linux-arm64.Microsoft.NETCore.DotNetHostResolver,https://versionsof.net/core/8.0/8.0.0/,14-10-2025
Table 2,Package name | Version,runtime.linux-arm64.runtime.native.System.IO.Ports,https://versionsof.net/core/8.0/8.0.0/,14-10-2025
Table 2,Package name | Version,runtime.linux-bionic-arm64.Microsoft.NETCore.DotNetHost,https://versionsof.net/core/8.0/8.0.0/,14-10-2025
Table 2,Package name | Version,runtime.linux-musl-arm64.Microsoft.DotNet.ILCompiler,https://versionsof.net/core/8.0/8.0.0/,14-10-2025
Table 2,Package name | Version,runtime.linux-musl-arm.Microsoft.NETCore.ILDAsm,https://versionsof.net/core/8.0/8.0.0/,14-10-2025
Table 2,Package name | Version,runtime.linux-musl-x64.Microsoft.NETCore.DotNetAppHost,https://versionsof.net/core/8.0/8.0.0/,14-10-2025
Table 2,Package name | Version,runtime.linux-musl-x64.Microsoft.NETCore.DotNetHostResolver,https://versionsof.net/core/8.0/8.0.0/,14-10-2025
Table 2,Package name | Version,runtime.linux-x64.Microsoft.NETCore.DotNetHostPolicy,https://versionsof.net/core/8.0/8.0.0/,14-10-2025
Table 2,Package name | Version,runtime.linux-x64.Microsoft.NETCore.DotNetHostResolver,https://versionsof.net/core/8.0/8.0.0/,14-10-2025
Table 2,Package name | Version,runtime.linux-x64.Microsoft.NETCore.ILAsm,https://versionsof.net/core/8.0/8.0.0/,14-10-2025
Table 2,Package name | Version,runtime.linux-x64.Microsoft.NETCore.ILDAsm,https://versionsof.net/core/8.0/8.0.0/,14-10-2025
Table 2,Package name | Version,runtime.native.System.IO.Ports,https://versionsof.net/core/8.0/8.0.0/,14-10-2025
Table 2,Package name | Version,runtime.linux-x64.runtime.native.System.IO.Ports,https://versionsof.net/core/8.0/8.0.0/,14-10-2025
Table 2,Package name | Version,runtime.osx-arm64.Microsoft.NETCore.DotNetAppHost,https://versionsof.net/core/8.0/8.0.0/,14-10-2025
Table 2,Package name | Version,runtime.osx-arm64.Microsoft.NETCore.ILDAsm,https://versionsof.net/core/8.0/8.0.0/,14-10-2025
Table 2,Package name | Version,runtime.osx-x64.Microsoft.NETCore.DotNetHost,https://versionsof.net/core/8.0/8.0.0/,14-10-2025
Table 2,Package name | Version,runtime.osx-x64.Microsoft.NETCore.ILAsm,https://versionsof.net/core/8.0/8.0.0/,14-10-2025
Table 2,Package name | Version,runtime.osx-x64.Microsoft.NETCore.ILDAsm,https://versionsof.net/core/8.0/8.0.0/,14-10-2025
Table 2,Package name | Version,runtime.win-arm64.Microsoft.NETCore.DotNetHostResolver,https://versionsof.net/core/8.0/8.0.0/,14-10-2025
Table 2,Package name | Version,runtime.win-arm64.Microsoft.NETCore.ILAsm,https://versionsof.net/core/8.0/8.0.0/,14-10-2025
Table 2,Package name | Version,runtime.win-x64.Microsoft.NETCore.DotNetAppHost,https://versionsof.net/core/8.0/8.0.0/,14-10-2025
Table 2,Package name | Version,runtime.win-x86.Microsoft.NETCore.DotNetHostResolver,https://versionsof.net/core/8.0/8.0.0/,14-10-2025
Table 2,Package name | Version,runtime.win-x64.Microsoft.NETCore.DotNetHostPolicy,https://versionsof.net/core/8.0/8.0.0/,14-10-2025
Table 2,Package name | Version,runtime.win-x86.Microsoft.NETCore.DotNetAppHost,https://versionsof.net/core/8.0/8.0.0/,14-10-2025
Table 2,Package name | Version,System.Composition.Hosting,https://versionsof.net/core/8.0/8.0.0/,14-10-2025
Table 2,Package name | Version,System.Composition.Runtime,https://versionsof.net/core/8.0/8.0.0/,14-10-2025
Table 2,Package name | Version,System.Composition.TypedParts,https://versionsof.net/core/8.0/8.0.0/,14-10-2025
Table 2,Package name | Version,System.Formats.Asn1,https://versionsof.net/core/8.0/8.0.0/,14-10-2025
Table 2,Package name | Version,System.Formats.Cbor,https://versionsof.net/core/8.0/8.0.0/,14-10-2025
Table 2,Package name | Version,System.Reflection.Metadata,https://versionsof.net/core/8.0/8.0.0/,14-10-2025
Table 2,Package name | Version,System.Net.Http.Json,https://versionsof.net/core/8.0/8.0.0/,14-10-2025
Table 2,Package name | Version,System.Net.Http.WinHttpHandler,https://versionsof.net/core/8.0/8.0.0/,14-10-2025
Table 2,Package name | Version,System.Security.Cryptography.ProtectedData,https://versionsof.net/core/8.0/8.0.0/,14-10-2025
Table 2,Package name | Version,System.Text.Encodings.Web,https://versionsof.net/core/8.0/8.0.0/,14-10-2025
Table 2,Package name | Version,System.ServiceModel.Syndication,https://versionsof.net/core/8.0/8.0.0/,14-10-2025
Table 2,Package name | Version,System.ServiceProcess.ServiceController,https://versionsof.net/core/8.0/8.0.0/,14-10-2025
Table 2,Package name | Version,System.Text.Encoding.CodePages,https://versionsof.net/core/8.0/8.0.0/,14-10-2025
Table 2,Package name | Version,System.Threading.Tasks.Dataflow,https://versionsof.net/core/8.0/8.0.0/,14-10-2025
Table 2,Package name | Version,Microsoft.NETCore.App.Runtime.AOT.linux-arm64.Cross.android-arm64,https://versionsof.net/core/8.0/8.0.0/,14-10-2025
Table 2,Package name | Version,Microsoft.NETCore.App.Runtime.AOT.osx-arm64.Cross.maccatalyst-x64,https://versionsof.net/core/8.0/8.0.0/,14-10-2025
Table 2,Package name | Version,Microsoft.NETCore.App.Runtime.AOT.osx-x64.Cross.android-x64,https://versionsof.net/core/8.0/8.0.0/,14-10-2025
Table 2,Package name | Version,Microsoft.NETCore.App.Runtime.AOT.osx-x64.Cross.android-arm64,https://versionsof.net/core/8.0/8.0.0/,14-10-2025
Table 2,Package name | Version,Microsoft.NETCore.App.Runtime.AOT.osx-x64.Cross.ios-arm64,https://versionsof.net/core/8.0/8.0.0/,14-10-2025
Table 2,Package name | Version,Microsoft.NETCore.App.Runtime.AOT.osx-x64.Cross.browser-wasm,https://versionsof.net/core/8.0/8.0.0/,14-10-2025
Table 2,Package name | Version,Microsoft.NETCore.App.Runtime.AOT.osx-x64.Cross.tvos-arm64,https://versionsof.net/core/8.0/8.0.0/,14-10-2025
Table 2,Package name | Version,Microsoft.NETCore.App.Runtime.AOT.win-x64.Cross.android-x86,https://versionsof.net/core/8.0/8.0.0/,14-10-2025
Table 2,Package name | Version,Microsoft.NETCore.App.Runtime.Mono.browser-wasm.Msi.x86,https://versionsof.net/core/8.0/8.0.0/,14-10-2025
Table 2,Package name | Version,Microsoft.NETCore.App.Runtime.Mono.ios-arm64.Msi.arm64,https://versionsof.net/core/8.0/8.0.0/,14-10-2025
Table 2,Package name | Version,Microsoft.NETCore.App.Runtime.Mono.iossimulator-arm64.Msi.arm64,https://versionsof.net/core/8.0/8.0.0/,14-10-2025
Table 2,Package name | Version,Microsoft.NETCore.App.Runtime.Mono.iossimulator-x64.Msi.arm64,https://versionsof.net/core/8.0/8.0.0/,14-10-2025
Table 2,Package name | Version,Microsoft.NETCore.App.Runtime.Mono.linux-arm,https://versionsof.net/core/8.0/8.0.0/,14-10-2025
Table 2,Package name | Version,Microsoft.NETCore.App.Runtime.Mono.LLVM.linux-arm64,https://versionsof.net/core/8.0/8.0.0/,14-10-2025
Table 2,Package name | Version,Microsoft.NETCore.App.Runtime.Mono.LLVM.osx-x64,https://versionsof.net/core/8.0/8.0.0/,14-10-2025
Table 2,Package name | Version,Microsoft.NETCore.App.Runtime.Mono.multithread.browser-wasm.Msi.arm64,https://versionsof.net/core/8.0/8.0.0/,14-10-2025
Table 2,Package name | Version,Microsoft.NETCore.App.Runtime.Mono.osx-x64,https://versionsof.net/core/8.0/8.0.0/,14-10-2025
Table 2,Package name | Version,Microsoft.NETCore.App.Runtime.Mono.tvossimulator-arm64.Msi.x86,https://versionsof.net/core/8.0/8.0.0/,14-10-2025
Table 2,Package name | Version,Microsoft.NETCore.App.Runtime.Mono.win-x86,https://versionsof.net/core/8.0/8.0.0/,14-10-2025
Table 2,Package name | Version,Microsoft.NETCore.App.Runtime.Mono.win-x64,https://versionsof.net/core/8.0/8.0.0/,14-10-2025
Table 2,Package name | Version,Microsoft.NETCore.App.Runtime.NativeAOT.ios-arm64,https://versionsof.net/core/8.0/8.0.0/,14-10-2025
Table 2,Package name | Version,Microsoft.NETCore.App.Runtime.NativeAOT.osx-arm64,https://versionsof.net/core/8.0/8.0.0/,14-10-2025
Table 2,Package name | Version,Microsoft.NETCore.App.Runtime.NativeAOT.osx-x64,https://versionsof.net/core/8.0/8.0.0/,14-10-2025
Table 2,Package name | Version,Microsoft.NETCore.App.Runtime.win-x64.Msi.arm64,https://versionsof.net/core/8.0/8.0.0/,14-10-2025
Table 2,Package name | Version,runtime.linux-arm64.Microsoft.NETCore.DotNetAppHost,https://versionsof.net/core/8.0/8.0.0/,14-10-2025
Table 2,Package name | Version,runtime.linux-bionic-arm64.Microsoft.NETCore.DotNetHostPolicy,https://versionsof.net/core/8.0/8.0.0/,14-10-2025
Table 2,Package name | Version,runtime.linux-bionic-x64.Microsoft.NETCore.DotNetHostResolver,https://versionsof.net/core/8.0/8.0.0/,14-10-2025
Table 2,Package name | Version,runtime.linux-musl-arm.Microsoft.NETCore.DotNetAppHost,https://versionsof.net/core/8.0/8.0.0/,14-10-2025
Table 2,Package name | Version,runtime.linux-musl-arm.Microsoft.NETCore.DotNetHostResolver,https://versionsof.net/core/8.0/8.0.0/,14-10-2025
Table 2,Package name | Version,runtime.linux-musl-arm64.Microsoft.NETCore.DotNetAppHost,https://versionsof.net/core/8.0/8.0.0/,14-10-2025
Table 2,Package name | Version,runtime.linux-musl-x64.Microsoft.NETCore.DotNetHostPolicy,https://versionsof.net/core/8.0/8.0.0/,14-10-2025
Table 2,Package name | Version,runtime.linux-x64.Microsoft.NETCore.DotNetAppHost,https://versionsof.net/core/8.0/8.0.0/,14-10-2025
Table 2,Package name | Version,runtime.osx-x64.Microsoft.DotNet.ILCompiler,https://versionsof.net/core/8.0/8.0.0/,14-10-2025
Table 2,Package name | Version,runtime.win-arm64.Microsoft.DotNet.ILCompiler,https://versionsof.net/core/8.0/8.0.0/,14-10-2025
Table 2,Package name | Version,runtime.win-arm64.Microsoft.NETCore.DotNetHostPolicy,https://versionsof.net/core/8.0/8.0.0/,14-10-2025
Table 2,Package name | Version,runtime.win-x64.Microsoft.NETCore.DotNetHostResolver,https://versionsof.net/core/8.0/8.0.0/,14-10-2025
Table 2,Package name | Version,runtime.win-arm64.Microsoft.NETCore.ILDAsm,https://versionsof.net/core/8.0/8.0.0/,14-10-2025
Table 2,Package name | Version,runtime.win-x64.Microsoft.NETCore.ILAsm,https://versionsof.net/core/8.0/8.0.0/,14-10-2025
Table 2,Package name | Version,System.IO.Ports,https://versionsof.net/core/8.0/8.0.0/,14-10-2025
Table 2,Package name | Version,System.Numerics.Tensors,https://versionsof.net/core/8.0/8.0.0/,14-10-2025
Table 2,Package name | Version,System.Runtime.Caching,https://versionsof.net/core/8.0/8.0.0/,14-10-2025
Table 2,Package name | Version,System.Reflection.Context,https://versionsof.net/core/8.0/8.0.0/,14-10-2025
Table 2,Package name | Version,System.Resources.Extensions,https://versionsof.net/core/8.0/8.0.0/,14-10-2025
Table 2,Package name | Version,System.Security.Cryptography.Xml,https://versionsof.net/core/8.0/8.0.0/,14-10-2025
Table 2,Package name | Version,Microsoft.NETCore.App.Runtime.AOT.win-x64.Cross.android-x86.Msi.x64,https://versionsof.net/core/8.0/8.0.0/,14-10-2025
Table 2,Package name | Version,Microsoft.NETCore.App.Runtime.Mono.iossimulator-arm64,https://versionsof.net/core/8.0/8.0.0/,14-10-2025
Table 2,Package name | Version,Microsoft.NETCore.App.Runtime.Mono.iossimulator-arm64.Msi.x64,https://versionsof.net/core/8.0/8.0.0/,14-10-2025
Table 2,Package name | Version,System.Security.Permissions,https://versionsof.net/core/8.0/8.0.0/,14-10-2025
Table 2,Package name | Version,Microsoft.Extensions.DependencyModel,https://versionsof.net/core/8.0/8.0.0/,14-10-2025
Table 2,Package name | Version,Microsoft.Extensions.Configuration.Xml,https://versionsof.net/core/8.0/8.0.0/,14-10-2025
Table 2,Package name | Version,Microsoft.ILVerification,https://versionsof.net/core/8.0/8.0.0/,14-10-2025
Table 2,Package name | Version,Microsoft.NET.Runtime.Android.Sample.Mono,https://versionsof.net/core/8.0/8.0.0/,14-10-2025
Table 2,Package name | Version,Microsoft.NET.Runtime.WebAssembly.Sdk.Msi.arm64,https://versionsof.net/core/8.0/8.0.0/,14-10-2025
Table 2,Package name | Version,Microsoft.NET.Runtime.WebAssembly.Sdk.Msi.x64,https://versionsof.net/core/8.0/8.0.0/,14-10-2025
Table 2,Package name | Version,Microsoft.NET.Runtime.WebAssembly.Sdk.Msi.x86,https://versionsof.net/core/8.0/8.0.0/,14-10-2025
Table 2,Package name | Version,Microsoft.NET.Workload.Mono.ToolChain.Current.Manifest-8.0.100.Msi.x86,https://versionsof.net/core/8.0/8.0.0/,14-10-2025
Table 2,Package name | Version,Microsoft.NET.Workload.Mono.ToolChain.net6.Manifest-8.0.100.Msi.arm64,https://versionsof.net/core/8.0/8.0.0/,14-10-2025
Table 2,Package name | Version,Microsoft.NET.Workload.Mono.ToolChain.net6.Manifest-8.0.100.Msi.x86,https://versionsof.net/core/8.0/8.0.0/,14-10-2025
Table 2,Package name | Version,Microsoft.NET.Workload.Mono.ToolChain.net7.Manifest-8.0.100.Msi.x86,https://versionsof.net/core/8.0/8.0.0/,14-10-2025
Table 2,Package name | Version,Microsoft.NETCore.App.Crossgen2.linux-musl-x64,https://versionsof.net/core/8.0/8.0.0/,14-10-2025
Table 2,Package name | Version,Microsoft.NETCore.App.Crossgen2.linux-musl-arm64,https://versionsof.net/core/8.0/8.0.0/,14-10-2025
Table 2,Package name | Version,Microsoft.NETCore.App.Host.win-arm64,https://versionsof.net/core/8.0/8.0.0/,14-10-2025
Table 2,Package name | Version,Microsoft.NETCore.App.Host.win-x86,https://versionsof.net/core/8.0/8.0.0/,14-10-2025
Table 2,Package name | Version,Microsoft.NETCore.App.Runtime.AOT.osx-arm64.Cross.iossimulator-x64,https://versionsof.net/core/8.0/8.0.0/,14-10-2025
Table 2,Package name | Version,Microsoft.NETCore.App.Runtime.AOT.osx-arm64.Cross.tvos-arm64,https://versionsof.net/core/8.0/8.0.0/,14-10-2025
Table 2,Package name | Version,Microsoft.NETCore.App.Runtime.AOT.osx-arm64.Cross.tvossimulator-x64,https://versionsof.net/core/8.0/8.0.0/,14-10-2025
Table 2,Package name | Version,Microsoft.NETCore.App.Runtime.linux-arm,https://versionsof.net/core/8.0/8.0.0/,14-10-2025
Table 2,Package name | Version,Microsoft.NETCore.App.Runtime.linux-bionic-x64,https://versionsof.net/core/8.0/8.0.0/,14-10-2025
Table 2,Package name | Version,Microsoft.NETCore.App.Runtime.Mono.android-arm64.Msi.arm64,https://versionsof.net/core/8.0/8.0.0/,14-10-2025
Table 2,Package name | Version,Microsoft.NETCore.App.Runtime.Mono.android-x64.Msi.x64,https://versionsof.net/core/8.0/8.0.0/,14-10-2025
Table 2,Package name | Version,Microsoft.NETCore.App.Runtime.Mono.browser-wasm.Msi.x64,https://versionsof.net/core/8.0/8.0.0/,14-10-2025
Table 2,Package name | Version,Microsoft.NETCore.App.Runtime.Mono.iossimulator-x64,https://versionsof.net/core/8.0/8.0.0/,14-10-2025
Table 2,Package name | Version,Microsoft.NETCore.App.Runtime.Mono.maccatalyst-arm64,https://versionsof.net/core/8.0/8.0.0/,14-10-2025
Table 2,Package name | Version,Microsoft.NETCore.App.Runtime.Mono.LLVM.linux-x64,https://versionsof.net/core/8.0/8.0.0/,14-10-2025
Table 2,Package name | Version,Microsoft.NETCore.App.Runtime.Mono.maccatalyst-arm64.Msi.x64,https://versionsof.net/core/8.0/8.0.0/,14-10-2025
Table 2,Package name | Version,Microsoft.NETCore.App.Runtime.Mono.maccatalyst-x64,https://versionsof.net/core/8.0/8.0.0/,14-10-2025
Table 2,Package name | Version,Microsoft.NETCore.App.Runtime.Mono.maccatalyst-arm64.Msi.x86,https://versionsof.net/core/8.0/8.0.0/,14-10-2025
Table 2,Package name | Version,Microsoft.NETCore.App.Runtime.Mono.maccatalyst-x64.Msi.x64,https://versionsof.net/core/8.0/8.0.0/,14-10-2025
Table 2,Package name | Version,Microsoft.NETCore.App.Runtime.Mono.multithread.browser-wasm.Msi.x64,https://versionsof.net/core/8.0/8.0.0/,14-10-2025
Table 2,Package name | Version,Microsoft.NETCore.App.Runtime.Mono.tvos-arm64.Msi.arm64,https://versionsof.net/core/8.0/8.0.0/,14-10-2025
Table 2,Package name | Version,Microsoft.NETCore.App.Runtime.Mono.tvos-arm64.Msi.x64,https://versionsof.net/core/8.0/8.0.0/,14-10-2025
Table 2,Package name | Version,Microsoft.NETCore.App.Runtime.Mono.wasi-wasm.Msi.arm64,https://versionsof.net/core/8.0/8.0.0/,14-10-2025
Table 2,Package name | Version,Microsoft.NETCore.App.Runtime.NativeAOT.iossimulator-x64,https://versionsof.net/core/8.0/8.0.0/,14-10-2025
Table 2,Package name | Version,Microsoft.NETCore.App.Runtime.NativeAOT.linux-bionic-x64,https://versionsof.net/core/8.0/8.0.0/,14-10-2025
Table 2,Package name | Version,Microsoft.NETCore.App.Runtime.NativeAOT.maccatalyst-x64,https://versionsof.net/core/8.0/8.0.0/,14-10-2025
Table 2,Package name | Version,Microsoft.NETCore.App.Runtime.NativeAOT.tvossimulator-arm64,https://versionsof.net/core/8.0/8.0.0/,14-10-2025
Table 2,Package name | Version,Microsoft.NETCore.App.Runtime.win-arm64.Msi.x64,https://versionsof.net/core/8.0/8.0.0/,14-10-2025
Table 2,Package name | Version,Microsoft.NETCore.App.Runtime.win-x86,https://versionsof.net/core/8.0/8.0.0/,14-10-2025
Table 2,Package name | Version,runtime.linux-arm.runtime.native.System.IO.Ports,https://versionsof.net/core/8.0/8.0.0/,14-10-2025
Table 2,Package name | Version,Microsoft.AspNetCore.App.Runtime.linux-arm,https://versionsof.net/core/8.0/8.0.0/,14-10-2025
Table 2,Package name | Version,Microsoft.AspNetCore.App.Runtime.osx-arm64,https://versionsof.net/core/8.0/8.0.0/,14-10-2025
Table 2,Package name | Version,Microsoft.AspNetCore.App.Runtime.linux-musl-arm64,https://versionsof.net/core/8.0/8.0.0/,14-10-2025
Table 2,Package name | Version,AspNetCoreRuntime.8.0.x86,https://versionsof.net/core/8.0/8.0.0/,14-10-2025
Table 2,Package name | Version,Microsoft.AspNetCore.App.Runtime.win-x86,https://versionsof.net/core/8.0/8.0.0/,14-10-2025
Table 2,Package name | Version,Microsoft.AspNetCore.Authentication.Certificate,https://versionsof.net/core/8.0/8.0.0/,14-10-2025
Table 2,Package name | Version,Microsoft.AspNetCore.Authentication.Facebook,https://versionsof.net/core/8.0/8.0.0/,14-10-2025
Table 2,Package name | Version,Microsoft.AspNetCore.Authentication.Google,https://versionsof.net/core/8.0/8.0.0/,14-10-2025
Table 2,Package name | Version,Microsoft.AspNetCore.Authentication.JwtBearer,https://versionsof.net/core/8.0/8.0.0/,14-10-2025
Table 2,Package name | Version,Microsoft.AspNetCore.Authentication.MicrosoftAccount,https://versionsof.net/core/8.0/8.0.0/,14-10-2025
Table 2,Package name | Version,Microsoft.AspNetCore.Authentication.Negotiate,https://versionsof.net/core/8.0/8.0.0/,14-10-2025
Table 2,Package name | Version,Microsoft.AspNetCore.Authentication.OpenIdConnect,https://versionsof.net/core/8.0/8.0.0/,14-10-2025
Table 2,Package name | Version,Microsoft.AspNetCore.Authentication.Twitter,https://versionsof.net/core/8.0/8.0.0/,14-10-2025
Table 2,Package name | Version,Microsoft.AspNetCore.Authentication.WsFederation,https://versionsof.net/core/8.0/8.0.0/,14-10-2025
Table 2,Package name | Version,Microsoft.AspNetCore.Components,https://versionsof.net/core/8.0/8.0.0/,14-10-2025
Table 2,Package name | Version,Microsoft.AspNetCore.AzureAppServices.HostingStartup,https://versionsof.net/core/8.0/8.0.0/,14-10-2025
Table 2,Package name | Version,Microsoft.AspNetCore.Components.WebAssembly.DevServer,https://versionsof.net/core/8.0/8.0.0/,14-10-2025
Table 2,Package name | Version,Microsoft.AspNetCore.AzureAppServices.SiteExtension,https://versionsof.net/core/8.0/8.0.0/,14-10-2025
Table 2,Package name | Version,Microsoft.AspNetCore.Components.QuickGrid,https://versionsof.net/core/8.0/8.0.0/,14-10-2025
Table 2,Package name | Version,Microsoft.AspNetCore.Components.QuickGrid.EntityFrameworkAdapter,https://versionsof.net/core/8.0/8.0.0/,14-10-2025
Table 2,Package name | Version,Microsoft.AspNetCore.Components.WebAssembly.Server,https://versionsof.net/core/8.0/8.0.0/,14-10-2025
Table 2,Package name | Version,Microsoft.AspNetCore.Grpc.JsonTranscoding,https://versionsof.net/core/8.0/8.0.0/,14-10-2025
Table 2,Package name | Version,Microsoft.AspNetCore.Components.WebView,https://versionsof.net/core/8.0/8.0.0/,14-10-2025
Table 2,Package name | Version,Microsoft.AspNetCore.Connections.Abstractions,https://versionsof.net/core/8.0/8.0.0/,14-10-2025
Table 2,Package name | Version,Microsoft.AspNetCore.ConcurrencyLimiter,https://versionsof.net/core/8.0/8.0.0/,14-10-2025
Table 2,Package name | Version,Microsoft.AspNetCore.DataProtection.Extensions,https://versionsof.net/core/8.0/8.0.0/,14-10-2025
Table 2,Package name | Version,Microsoft.AspNetCore.DataProtection.Abstractions,https://versionsof.net/core/8.0/8.0.0/,14-10-2025
Table 2,Package name | Version,Microsoft.AspNetCore.Mvc.NewtonsoftJson,https://versionsof.net/core/8.0/8.0.0/,14-10-2025
Table 2,Package name | Version,Microsoft.AspNetCore.Mvc.Testing,https://versionsof.net/core/8.0/8.0.0/,14-10-2025
Table 2,Package name | Version,Microsoft.AspNetCore.OutputCaching.StackExchangeRedis,https://versionsof.net/core/8.0/8.0.0/,14-10-2025
Table 2,Package name | Version,Microsoft.AspNetCore.OpenApi,https://versionsof.net/core/8.0/8.0.0/,14-10-2025
Table 2,Package name | Version,Microsoft.AspNetCore.SignalR.Client.Core,https://versionsof.net/core/8.0/8.0.0/,14-10-2025
Table 2,Package name | Version,Microsoft.Authentication.WebAssembly.Msal,https://versionsof.net/core/8.0/8.0.0/,14-10-2025
Table 2,Package name | Version,Microsoft.AspNetCore.SpaServices.Extensions,https://versionsof.net/core/8.0/8.0.0/,14-10-2025
Table 2,Package name | Version,Microsoft.AspNetCore.WebUtilities,https://versionsof.net/core/8.0/8.0.0/,14-10-2025
Table 2,Package name | Version,Microsoft.AspNetCore.TestHost,https://versionsof.net/core/8.0/8.0.0/,14-10-2025
Table 2,Package name | Version,Microsoft.DotNet.Web.ItemTemplates.8.0,https://versionsof.net/core/8.0/8.0.0/,14-10-2025
Table 2,Package name | Version,Microsoft.Extensions.Caching.SqlServer,https://versionsof.net/core/8.0/8.0.0/,14-10-2025
Table 2,Package name | Version,Microsoft.Extensions.Diagnostics.HealthChecks,https://versionsof.net/core/8.0/8.0.0/,14-10-2025
Table 2,Package name | Version,Microsoft.Extensions.Identity.Stores,https://versionsof.net/core/8.0/8.0.0/,14-10-2025
Table 2,Package name | Version,Microsoft.Extensions.Localization,https://versionsof.net/core/8.0/8.0.0/,14-10-2025
Table 2,Package name | Version,Microsoft.AspNetCore.Components.Analyzers,https://versionsof.net/core/8.0/8.0.0/,14-10-2025
Table 2,Package name | Version,Microsoft.AspNetCore.Components.WebAssembly.Authentication,https://versionsof.net/core/8.0/8.0.0/,14-10-2025
Table 2,Package name | Version,Microsoft.AspNetCore.Cryptography.Internal,https://versionsof.net/core/8.0/8.0.0/,14-10-2025
Table 2,Package name | Version,Microsoft.AspNetCore.Cryptography.KeyDerivation,https://versionsof.net/core/8.0/8.0.0/,14-10-2025
Table 2,Package name | Version,Microsoft.AspNetCore.DataProtection,https://versionsof.net/core/8.0/8.0.0/,14-10-2025
Table 2,Package name | Version,Microsoft.AspNetCore.Hosting.WindowsServices,https://versionsof.net/core/8.0/8.0.0/,14-10-2025
Table 2,Package name | Version,Microsoft.AspNetCore.Metadata,https://versionsof.net/core/8.0/8.0.0/,14-10-2025
Table 2,Package name | Version,Microsoft.AspNetCore.Mvc.Razor.RuntimeCompilation,https://versionsof.net/core/8.0/8.0.0/,14-10-2025
Table 2,Package name | Version,Microsoft.AspNetCore.Http.Connections.Common,https://versionsof.net/core/8.0/8.0.0/,14-10-2025
Table 2,Package name | Version,Microsoft.AspNetCore.Http.Connections.Client,https://versionsof.net/core/8.0/8.0.0/,14-10-2025
Table 2,Package name | Version,Microsoft.AspNetCore.Identity.EntityFrameworkCore,https://versionsof.net/core/8.0/8.0.0/,14-10-2025
Table 2,Package name | Version,Microsoft.AspNetCore.Identity.UI,https://versionsof.net/core/8.0/8.0.0/,14-10-2025
Table 2,Package name | Version,Microsoft.AspNetCore.JsonPatch,https://versionsof.net/core/8.0/8.0.0/,14-10-2025
Table 2,Package name | Version,Microsoft.AspNetCore.MiddlewareAnalysis,https://versionsof.net/core/8.0/8.0.0/,14-10-2025
Table 2,Package name | Version,Microsoft.AspNetCore.Owin,https://versionsof.net/core/8.0/8.0.0/,14-10-2025
Table 2,Package name | Version,Microsoft.AspNetCore.SignalR.Client,https://versionsof.net/core/8.0/8.0.0/,14-10-2025
Table 2,Package name | Version,Microsoft.DotNet.Web.Client.ItemTemplates,https://versionsof.net/core/8.0/8.0.0/,14-10-2025
Table 2,Package name | Version,Microsoft.Extensions.Caching.StackExchangeRedis,https://versionsof.net/core/8.0/8.0.0/,14-10-2025
Table 2,Package name | Version,Microsoft.Extensions.Diagnostics.HealthChecks.EntityFrameworkCore,https://versionsof.net/core/8.0/8.0.0/,14-10-2025
Table 2,Package name | Version,Microsoft.Extensions.FileProviders.Embedded,https://versionsof.net/core/8.0/8.0.0/,14-10-2025
Table 2,Package name | Version,Microsoft.Extensions.Identity.Core,https://versionsof.net/core/8.0/8.0.0/,14-10-2025
Table 2,Package name | Version,Microsoft.Extensions.Logging.AzureAppServices,https://versionsof.net/core/8.0/8.0.0/,14-10-2025
Table 2,Package name | Version,Microsoft.Extensions.ObjectPool,https://versionsof.net/core/8.0/8.0.0/,14-10-2025
Table 2,Package name | Version,Microsoft.AspNetCore.App.Runtime.linux-musl-x64,https://versionsof.net/core/8.0/8.0.0/,14-10-2025
Table 2,Package name | Version,Microsoft.AspNetCore.App.Runtime.win-x64,https://versionsof.net/core/8.0/8.0.0/,14-10-2025
Table 2,Package name | Version,Microsoft.AspNetCore.SignalR.Protocols.MessagePack,https://versionsof.net/core/8.0/8.0.0/,14-10-2025
Table 2,Package name | Version,Microsoft.AspNetCore.SignalR.Protocols.NewtonsoftJson,https://versionsof.net/core/8.0/8.0.0/,14-10-2025
Table 2,Package name | Version,Microsoft.dotnet-openapi,https://versionsof.net/core/8.0/8.0.0/,14-10-2025
Table 2,Package name | Version,Microsoft.DotNet.Web.ProjectTemplates.8.0,https://versionsof.net/core/8.0/8.0.0/,14-10-2025
Table 2,Package name | Version,Microsoft.Extensions.Features,https://versionsof.net/core/8.0/8.0.0/,14-10-2025
Table 2,Package name | Version,Microsoft.Extensions.Localization.Abstractions,https://versionsof.net/core/8.0/8.0.0/,14-10-2025
Table 2,Package name | Version,Microsoft.Extensions.WebEncoders,https://versionsof.net/core/8.0/8.0.0/,14-10-2025
Table 2,Package name | Version,Microsoft.JSInterop,https://versionsof.net/core/8.0/8.0.0/,14-10-2025
Table 2,Package name | Version,Microsoft.JSInterop.WebAssembly,https://versionsof.net/core/8.0/8.0.0/,14-10-2025
Table 2,Package name | Version,Microsoft.Net.Http.Headers,https://versionsof.net/core/8.0/8.0.0/,14-10-2025
Table 2,Package name | Version,Microsoft.AspNetCore.App.Runtime.linux-musl-arm,https://versionsof.net/core/8.0/8.0.0/,14-10-2025
Table 2,Package name | Version,Microsoft.AspNetCore.App.Runtime.linux-arm64,https://versionsof.net/core/8.0/8.0.0/,14-10-2025
Table 2,Package name | Version,Microsoft.AspNetCore.App.Runtime.osx-x64,https://versionsof.net/core/8.0/8.0.0/,14-10-2025
Table 2,Package name | Version,dotnet-sql-cache,https://versionsof.net/core/8.0/8.0.0/,14-10-2025
Table 2,Package name | Version,Microsoft.AspNetCore.Authorization,https://versionsof.net/core/8.0/8.0.0/,14-10-2025
Table 2,Package name | Version,Microsoft.AspNetCore.AzureAppServicesIntegration,https://versionsof.net/core/8.0/8.0.0/,14-10-2025
Table 2,Package name | Version,Microsoft.AspNetCore.Components.Forms,https://versionsof.net/core/8.0/8.0.0/,14-10-2025
Table 2,Package name | Version,Microsoft.AspNetCore.Components.Authorization,https://versionsof.net/core/8.0/8.0.0/,14-10-2025
Table 2,Package name | Version,Microsoft.AspNetCore.Components.Web,https://versionsof.net/core/8.0/8.0.0/,14-10-2025
Table 2,Package name | Version,Microsoft.AspNetCore.Components.CustomElements,https://versionsof.net/core/8.0/8.0.0/,14-10-2025
Table 2,Package name | Version,Microsoft.AspNetCore.Components.WebAssembly,https://versionsof.net/core/8.0/8.0.0/,14-10-2025
Table 2,Package name | Version,Microsoft.AspNetCore.DataProtection.EntityFrameworkCore,https://versionsof.net/core/8.0/8.0.0/,14-10-2025
Table 2,Package name | Version,Microsoft.AspNetCore.DataProtection.StackExchangeRedis,https://versionsof.net/core/8.0/8.0.0/,14-10-2025
Table 2,Package name | Version,Microsoft.AspNetCore.Diagnostics.EntityFrameworkCore,https://versionsof.net/core/8.0/8.0.0/,14-10-2025
Table 2,Package name | Version,Microsoft.AspNetCore.Grpc.Swagger,https://versionsof.net/core/8.0/8.0.0/,14-10-2025
Table 2,Package name | Version,Microsoft.AspNetCore.HeaderPropagation,https://versionsof.net/core/8.0/8.0.0/,14-10-2025
Table 2,Package name | Version,Microsoft.AspNetCore.SpaProxy,https://versionsof.net/core/8.0/8.0.0/,14-10-2025
Table 2,Package name | Version,Microsoft.AspNetCore.SignalR.Common,https://versionsof.net/core/8.0/8.0.0/,14-10-2025
Table 2,Package name | Version,Microsoft.AspNetCore.SignalR.Protocols.Json,https://versionsof.net/core/8.0/8.0.0/,14-10-2025
Table 2,Package name | Version,Microsoft.AspNetCore.SignalR.Specification.Tests,https://versionsof.net/core/8.0/8.0.0/,14-10-2025
Table 2,Package name | Version,Microsoft.AspNetCore.SignalR.StackExchangeRedis,https://versionsof.net/core/8.0/8.0.0/,14-10-2025
Table 2,Package name | Version,Microsoft.Extensions.ApiDescription.Client,https://versionsof.net/core/8.0/8.0.0/,14-10-2025
Table 2,Package name | Version,Microsoft.Extensions.ApiDescription.Server,https://versionsof.net/core/8.0/8.0.0/,14-10-2025
Table 2,Package name | Version,Microsoft.Extensions.Diagnostics.HealthChecks.Abstractions,https://versionsof.net/core/8.0/8.0.0/,14-10-2025
Table 2,Package name | Version,Microsoft.Extensions.Http.Polly,https://versionsof.net/core/8.0/8.0.0/,14-10-2025
Table 2,Package name | Version,Microsoft.AspNetCore.App.Runtime.linux-x64,https://versionsof.net/core/8.0/8.0.0/,14-10-2025
Table 2,Package name | Version,AspNetCoreRuntime.8.0.x64,https://versionsof.net/core/8.0/8.0.0/,14-10-2025
Table 2,Package name | Version,Microsoft.AspNetCore.App.Ref,https://versionsof.net/core/8.0/8.0.0/,14-10-2025
Table 2,Package name | Version,Microsoft.AspNetCore.App.Runtime.win-arm64,https://versionsof.net/core/8.0/8.0.0/,14-10-2025
Table 2,Package name | Version,Microsoft.Extensions.Configuration.KeyPerFile,https://versionsof.net/core/8.0/8.0.0/,14-10-2025
Table 2,Package name | Version,Microsoft.NET.Build.Containers,https://versionsof.net/core/8.0/8.0.0/,14-10-2025
Table 2,Package name | Version,Microsoft.DotNet.ApiCompat.Task,https://versionsof.net/core/8.0/8.0.0/,14-10-2025
Table 2,Package name | Version,FSharp.Core,https://versionsof.net/core/8.0/8.0.0/,14-10-2025
Table 2,Package name | Version,Microsoft.DotNet.Common.ItemTemplates,https://versionsof.net/core/8.0/8.0.0/,14-10-2025
Table 2,Package name | Version,Microsoft.DotNet.Common.ProjectTemplates.8.0,https://versionsof.net/core/8.0/8.0.0/,14-10-2025
Table 2,Package name | Version,Microsoft.DotNet.ApiCompat.Tool,https://versionsof.net/core/8.0/8.0.0/,14-10-2025
Table 2,Package name | Version,FSharp.Compiler.Service,https://versionsof.net/core/8.0/8.0.0/,14-10-2025
Table 2,Package name | Version,System.Drawing.Common,https://versionsof.net/core/8.0/8.0.0/,14-10-2025
Table 2,Package name | Version,Microsoft.NET.Runtime.Emscripten.3.1.34.Cache.linux-arm64,https://versionsof.net/core/8.0/8.0.0/,14-10-2025
Table 2,Package name | Version,Microsoft.NET.Runtime.Emscripten.3.1.34.Node.osx-arm64,https://versionsof.net/core/8.0/8.0.0/,14-10-2025
Table 2,Package name | Version,Microsoft.NET.Runtime.Emscripten.3.1.34.Node.win-arm64.Msi.arm64,https://versionsof.net/core/8.0/8.0.0/,14-10-2025
Table 2,Package name | Version,Microsoft.NET.Runtime.Emscripten.3.1.34.Cache.osx-x64,https://versionsof.net/core/8.0/8.0.0/,14-10-2025
Table 2,Package name | Version,Microsoft.NET.Runtime.Emscripten.3.1.34.Sdk.osx-x64,https://versionsof.net/core/8.0/8.0.0/,14-10-2025
Table 2,Package name | Version,Microsoft.NET.Runtime.Emscripten.3.1.34.Cache.win-x64,https://versionsof.net/core/8.0/8.0.0/,14-10-2025
Table 2,Package name | Version,Microsoft.NET.Workload.Emscripten.net7.Manifest-8.0.100.Msi.x64,https://versionsof.net/core/8.0/8.0.0/,14-10-2025
Table 2,Package name | Version,Microsoft.NET.Workload.Emscripten.net7.Manifest-8.0.100.Msi.x86,https://versionsof.net/core/8.0/8.0.0/,14-10-2025
Table 2,Package name | Version,Microsoft.NET.Runtime.Emscripten.3.1.34.Node.win-x64,https://versionsof.net/core/8.0/8.0.0/,14-10-2025
Table 2,Package name | Version,Microsoft.NET.Runtime.Emscripten.3.1.34.Cache.linux-x64,https://versionsof.net/core/8.0/8.0.0/,14-10-2025
Table 2,Package name | Version,Microsoft.NET.Runtime.Emscripten.3.1.34.Sdk.osx-arm64,https://versionsof.net/core/8.0/8.0.0/,14-10-2025
Table 2,Package name | Version,Microsoft.NET.Runtime.Emscripten.3.1.34.Python.osx-arm64,https://versionsof.net/core/8.0/8.0.0/,14-10-2025
Table 2,Package name | Version,Microsoft.NET.Runtime.Emscripten.3.1.34.Cache.win-x64.Msi.x64,https://versionsof.net/core/8.0/8.0.0/,14-10-2025
Table 2,Package name | Version,Microsoft.NET.Runtime.Emscripten.3.1.34.Node.win-x64.Msi.x64,https://versionsof.net/core/8.0/8.0.0/,14-10-2025
Table 2,Package name | Version,Microsoft.NET.Runtime.Emscripten.3.1.34.Sdk.win-x64,https://versionsof.net/core/8.0/8.0.0/,14-10-2025
Table 2,Package name | Version,Microsoft.NET.Workload.Emscripten.Current.Manifest-8.0.100.Msi.arm64,https://versionsof.net/core/8.0/8.0.0/,14-10-2025
Table 2,Package name | Version,Microsoft.NET.Workload.Emscripten.Current.Manifest-8.0.100.Msi.x64,https://versionsof.net/core/8.0/8.0.0/,14-10-2025
Table 2,Package name | Version,Microsoft.NET.Runtime.Emscripten.3.1.34.Sdk.linux-arm64,https://versionsof.net/core/8.0/8.0.0/,14-10-2025
Table 2,Package name | Version,Microsoft.NET.Runtime.Emscripten.3.1.34.Node.linux-arm64,https://versionsof.net/core/8.0/8.0.0/,14-10-2025
Table 2,Package name | Version,Microsoft.NET.Runtime.Emscripten.3.1.34.Cache.osx-arm64,https://versionsof.net/core/8.0/8.0.0/,14-10-2025
Table 2,Package name | Version,Microsoft.NET.Runtime.Emscripten.3.1.34.Node.linux-x64,https://versionsof.net/core/8.0/8.0.0/,14-10-2025
Table 2,Package name | Version,Microsoft.NET.Runtime.Emscripten.3.1.34.Node.osx-x64,https://versionsof.net/core/8.0/8.0.0/,14-10-2025
Table 2,Package name | Version,Microsoft.NET.Runtime.Emscripten.3.1.34.Cache.win-arm64,https://versionsof.net/core/8.0/8.0.0/,14-10-2025
Table 2,Package name | Version,Microsoft.NET.Runtime.Emscripten.3.1.34.Python.win-x64.Msi.x64,https://versionsof.net/core/8.0/8.0.0/,14-10-2025
Table 2,Package name | Version,Microsoft.NET.Workload.Emscripten.net6.Manifest-8.0.100.Msi.arm64,https://versionsof.net/core/8.0/8.0.0/,14-10-2025
Table 2,Package name | Version,Microsoft.NET.Runtime.Emscripten.3.1.34.Python.win-x64,https://versionsof.net/core/8.0/8.0.0/,14-10-2025
Table 2,Package name | Version,Microsoft.NET.Workload.Emscripten.Current.Manifest-8.0.100,https://versionsof.net/core/8.0/8.0.0/,14-10-2025
Table 2,Package name | Version,Microsoft.NET.Runtime.Emscripten.3.1.34.Sdk.linux-x64,https://versionsof.net/core/8.0/8.0.0/,14-10-2025
Table 2,Package name | Version,Microsoft.NET.Runtime.Emscripten.3.1.34.Sdk.win-arm64,https://versionsof.net/core/8.0/8.0.0/,14-10-2025
Table 2,Package name | Version,Microsoft.NET.Runtime.Emscripten.3.1.34.Python.osx-x64,https://versionsof.net/core/8.0/8.0.0/,14-10-2025
Table 2,Package name | Version,Microsoft.NET.Workload.Emscripten.Current.Manifest-8.0.100.Msi.x86,https://versionsof.net/core/8.0/8.0.0/,14-10-2025
Table 2,Package name | Version,Microsoft.NET.Workload.Emscripten.net6.Manifest-8.0.100.Msi.x64,https://versionsof.net/core/8.0/8.0.0/,14-10-2025
Table 2,Package name | Version,Microsoft.NET.Workload.Emscripten.net7.Manifest-8.0.100.Msi.arm64,https://versionsof.net/core/8.0/8.0.0/,14-10-2025
Table 2,Package name | Version,Microsoft.NET.Workload.Emscripten.net6.Manifest-8.0.100,https://versionsof.net/core/8.0/8.0.0/,14-10-2025
Table 2,Package name | Version,Microsoft.NET.Runtime.Emscripten.3.1.34.Python.win-arm64.Msi.arm64,https://versionsof.net/core/8.0/8.0.0/,14-10-2025
Table 2,Package name | Version,Microsoft.NET.Runtime.Emscripten.3.1.34.Sdk.win-x64.Msi.x64,https://versionsof.net/core/8.0/8.0.0/,14-10-2025
Table 2,Package name | Version,Microsoft.NET.Workload.Emscripten.net7.Manifest-8.0.100,https://versionsof.net/core/8.0/8.0.0/,14-10-2025
Table 2,Package name | Version,Microsoft.NET.Runtime.Emscripten.3.1.34.Cache.win-arm64.Msi.arm64,https://versionsof.net/core/8.0/8.0.0/,14-10-2025
Table 2,Package name | Version,Microsoft.NET.Runtime.Emscripten.3.1.34.Node.win-arm64,https://versionsof.net/core/8.0/8.0.0/,14-10-2025
Table 2,Package name | Version,Microsoft.NET.Runtime.Emscripten.3.1.34.Python.win-arm64,https://versionsof.net/core/8.0/8.0.0/,14-10-2025
Table 2,Package name | Version,Microsoft.NET.Runtime.Emscripten.3.1.34.Sdk.win-arm64.Msi.arm64,https://versionsof.net/core/8.0/8.0.0/,14-10-2025
Table 2,Package name | Version,Microsoft.NET.Workload.Emscripten.net6.Manifest-8.0.100.Msi.x86,https://versionsof.net/core/8.0/8.0.0/,14-10-2025
Table 2,Package name | Version,Microsoft.Data.Sqlite,https://versionsof.net/core/8.0/8.0.0/,14-10-2025
Table 2,Package name | Version,Microsoft.EntityFrameworkCore.AspNet.Specification.Tests,https://versionsof.net/core/8.0/8.0.0/,14-10-2025
Table 2,Package name | Version,Microsoft.EntityFrameworkCore.Abstractions,https://versionsof.net/core/8.0/8.0.0/,14-10-2025
Table 2,Package name | Version,Microsoft.EntityFrameworkCore.Analyzers,https://versionsof.net/core/8.0/8.0.0/,14-10-2025
Table 2,Package name | Version,Microsoft.EntityFrameworkCore.Tools,https://versionsof.net/core/8.0/8.0.0/,14-10-2025
Table 2,Package name | Version,Microsoft.Data.Sqlite.Core,https://versionsof.net/core/8.0/8.0.0/,14-10-2025
Table 2,Package name | Version,dotnet-ef,https://versionsof.net/core/8.0/8.0.0/,14-10-2025
Table 2,Package name | Version,Microsoft.EntityFrameworkCore,https://versionsof.net/core/8.0/8.0.0/,14-10-2025
Table 2,Package name | Version,Microsoft.EntityFrameworkCore.SqlServer,https://versionsof.net/core/8.0/8.0.0/,14-10-2025
Table 2,Package name | Version,Microsoft.EntityFrameworkCore.Sqlite.NetTopologySuite,https://versionsof.net/core/8.0/8.0.0/,14-10-2025
Table 2,Package name | Version,Microsoft.EntityFrameworkCore.SqlServer.Abstractions,https://versionsof.net/core/8.0/8.0.0/,14-10-2025
Table 2,Package name | Version,Microsoft.EntityFrameworkCore.SqlServer.NetTopologySuite,https://versionsof.net/core/8.0/8.0.0/,14-10-2025
Table 2,Package name | Version,Microsoft.EntityFrameworkCore.SqlServer.HierarchyId,https://versionsof.net/core/8.0/8.0.0/,14-10-2025
Table 2,Package name | Version,Microsoft.EntityFrameworkCore.Sqlite.Core,https://versionsof.net/core/8.0/8.0.0/,14-10-2025
Table 2,Package name | Version,Microsoft.EntityFrameworkCore.Cosmos,https://versionsof.net/core/8.0/8.0.0/,14-10-2025
Table 2,Package name | Version,Microsoft.EntityFrameworkCore.Design,https://versionsof.net/core/8.0/8.0.0/,14-10-2025
Table 2,Package name | Version,Microsoft.EntityFrameworkCore.Proxies,https://versionsof.net/core/8.0/8.0.0/,14-10-2025
Table 2,Package name | Version,Microsoft.EntityFrameworkCore.InMemory,https://versionsof.net/core/8.0/8.0.0/,14-10-2025
Table 2,Package name | Version,Microsoft.EntityFrameworkCore.Sqlite,https://versionsof.net/core/8.0/8.0.0/,14-10-2025
Table 2,Package name | Version,Microsoft.EntityFrameworkCore.Relational,https://versionsof.net/core/8.0/8.0.0/,14-10-2025
Table 2,Package name | Version,Microsoft.EntityFrameworkCore.Specification.Tests,https://versionsof.net/core/8.0/8.0.0/,14-10-2025
Table 2,Package name | Version,Microsoft.EntityFrameworkCore.Relational.Specification.Tests,https://versionsof.net/core/8.0/8.0.0/,14-10-2025
Table 2,Package name | Version,Microsoft.EntityFrameworkCore.Templates,https://versionsof.net/core/8.0/8.0.0/,14-10-2025
Table 2,Package name | Version,Microsoft.TemplateEngine.Authoring.Templates,https://versionsof.net/core/8.0/8.0.0/,14-10-2025
Table 2,Package name | Version,Microsoft.TemplateEngine.Core.Contracts,https://versionsof.net/core/8.0/8.0.0/,14-10-2025
Table 2,Package name | Version,Microsoft.TemplateEngine.Utils,https://versionsof.net/core/8.0/8.0.0/,14-10-2025
Table 2,Package name | Version,Microsoft.TemplateEngine.Authoring.Tasks,https://versionsof.net/core/8.0/8.0.0/,14-10-2025
Table 2,Package name | Version,Microsoft.TemplateEngine.Abstractions,https://versionsof.net/core/8.0/8.0.0/,14-10-2025
Table 2,Package name | Version,Microsoft.TemplateEngine.Authoring.TemplateVerifier,https://versionsof.net/core/8.0/8.0.0/,14-10-2025
Table 2,Package name | Version,Microsoft.TemplateEngine.Authoring.CLI,https://versionsof.net/core/8.0/8.0.0/,14-10-2025
Table 2,Package name | Version,Microsoft.TemplateEngine.Edge,https://versionsof.net/core/8.0/8.0.0/,14-10-2025
Table 2,Package name | Version,Microsoft.TemplateEngine.IDE,https://versionsof.net/core/8.0/8.0.0/,14-10-2025
Table 2,Package name | Version,Microsoft.TemplateEngine.TemplateLocalizer.Core,https://versionsof.net/core/8.0/8.0.0/,14-10-2025
Table 2,Package name | Version,Microsoft.TemplateEngine.Samples,https://versionsof.net/core/8.0/8.0.0/,14-10-2025
Table 2,Package name | Version,Microsoft.TemplateEngine.Orchestrator.RunnableProjects,https://versionsof.net/core/8.0/8.0.0/,14-10-2025
Table 2,Package name | Version,Microsoft.TemplateSearch.Common,https://versionsof.net/core/8.0/8.0.0/,14-10-2025
Table 2,Package name | Version,Microsoft.TemplateEngine.Core,https://versionsof.net/core/8.0/8.0.0/,14-10-2025
Table 2,Package name | Version,Microsoft.CodeAnalysis.Analyzers,https://versionsof.net/core/8.0/8.0.0/,14-10-2025
Table 2,Package name | Version,Microsoft.CodeAnalysis.NetAnalyzers,https://versionsof.net/core/8.0/8.0.0/,14-10-2025
Table 2,Package name | Version,Microsoft.CodeAnalysis.BannedApiAnalyzers,https://versionsof.net/core/8.0/8.0.0/,14-10-2025
Table 2,Package name | Version,Microsoft.CodeAnalysis.PerformanceSensitiveAnalyzers,https://versionsof.net/core/8.0/8.0.0/,14-10-2025
Table 2,Package name | Version,Microsoft.CodeAnalysis.PublicApiAnalyzers,https://versionsof.net/core/8.0/8.0.0/,14-10-2025
Table 2,Package name | Version,Microsoft.CodeAnalysis.ResxSourceGenerator,https://versionsof.net/core/8.0/8.0.0/,14-10-2025
Table 2,Package name | Version,Microsoft.CodeAnalysis.Metrics,https://versionsof.net/core/8.0/8.0.0/,14-10-2025
Table 2,Package name | Version,Microsoft.CodeAnalysis.AnalyzerUtilities,https://versionsof.net/core/8.0/8.0.0/,14-10-2025
Table 2,Package name | Version,Roslyn.Diagnostics.Analyzers,https://versionsof.net/core/8.0/8.0.0/,14-10-2025
Table 2,Package name | Version,Microsoft.CodeAnalysis.RulesetToEditorconfigConverter,https://versionsof.net/core/8.0/8.0.0/,14-10-2025
Table 2,Package name | Version,Text.Analyzers,https://versionsof.net/core/8.0/8.0.0/,14-10-2025
Table 2,Package name | Version,Microsoft.AspNetCore.Diagnostics.Middleware,https://versionsof.net/core/8.0/8.0.0/,14-10-2025
Table 2,Package name | Version,Microsoft.AspNetCore.AsyncState,https://versionsof.net/core/8.0/8.0.0/,14-10-2025
Table 2,Package name | Version,Microsoft.AspNetCore.HeaderParsing,https://versionsof.net/core/8.0/8.0.0/,14-10-2025
Table 2,Package name | Version,Microsoft.AspNetCore.Testing,https://versionsof.net/core/8.0/8.0.0/,14-10-2025
Table 2,Package name | Version,Microsoft.Extensions.AsyncState,https://versionsof.net/core/8.0/8.0.0/,14-10-2025
Table 2,Package name | Version,Microsoft.Extensions.DependencyInjection.AutoActivation,https://versionsof.net/core/8.0/8.0.0/,14-10-2025
Table 2,Package name | Version,Microsoft.Extensions.Diagnostics.HealthChecks.Common,https://versionsof.net/core/8.0/8.0.0/,14-10-2025
Table 2,Package name | Version,Microsoft.Extensions.Diagnostics.Probes,https://versionsof.net/core/8.0/8.0.0/,14-10-2025
Table 2,Package name | Version,Microsoft.Extensions.Diagnostics.ResourceMonitoring,https://versionsof.net/core/8.0/8.0.0/,14-10-2025
Table 2,Package name | Version,Microsoft.Extensions.Hosting.Testing,https://versionsof.net/core/8.0/8.0.0/,14-10-2025
Table 2,Package name | Version,Microsoft.Extensions.Diagnostics.Testing,https://versionsof.net/core/8.0/8.0.0/,14-10-2025
Table 2,Package name | Version,Microsoft.Extensions.Http.Resilience,https://versionsof.net/core/8.0/8.0.0/,14-10-2025
Table 2,Package name | Version,Microsoft.Extensions.StaticAnalysis,https://versionsof.net/core/8.0/8.0.0/,14-10-2025
Table 2,Package name | Version,Microsoft.Extensions.Compliance.Testing,https://versionsof.net/core/8.0/8.0.0/,14-10-2025
Table 2,Package name | Version,Microsoft.Extensions.Diagnostics.HealthChecks.ResourceUtilization,https://versionsof.net/core/8.0/8.0.0/,14-10-2025
Table 2,Package name | Version,Microsoft.Extensions.Http.Diagnostics,https://versionsof.net/core/8.0/8.0.0/,14-10-2025
Table 2,Package name | Version,Microsoft.Extensions.Options.Contextual,https://versionsof.net/core/8.0/8.0.0/,14-10-2025
Table 2,Package name | Version,Microsoft.Extensions.Resilience,https://versionsof.net/core/8.0/8.0.0/,14-10-2025
Table 2,Package name | Version,Microsoft.Extensions.Telemetry.Abstractions,https://versionsof.net/core/8.0/8.0.0/,14-10-2025
Table 2,Package name | Version,Microsoft.Extensions.Telemetry,https://versionsof.net/core/8.0/8.0.0/,14-10-2025
Table 2,Package name | Version,Microsoft.Extensions.TimeProvider.Testing,https://versionsof.net/core/8.0/8.0.0/,14-10-2025
Table 2,Package name | Version,Microsoft.Extensions.Compliance.Redaction,https://versionsof.net/core/8.0/8.0.0/,14-10-2025
Table 2,Package name | Version,Microsoft.Extensions.AmbientMetadata.Application,https://versionsof.net/core/8.0/8.0.0/,14-10-2025
Table 2,Package name | Version,Microsoft.Extensions.AuditReports,https://versionsof.net/core/8.0/8.0.0/,14-10-2025
Table 2,Package name | Version,Microsoft.Extensions.Compliance.Abstractions,https://versionsof.net/core/8.0/8.0.0/,14-10-2025
Table 2,Package name | Version,Microsoft.Extensions.Diagnostics.ExceptionSummarization,https://versionsof.net/core/8.0/8.0.0/,14-10-2025
Table 2,Package name | Version,Microsoft.Extensions.ObjectPool.DependencyInjection,https://versionsof.net/core/8.0/8.0.0/,14-10-2025
